"Product Name"," Item SKU ","Variation ID"," Product Status ","Qty ","Variant","Product Image"
"Ready Tule Scarf","57422525321700","14975614026020","warehouse","1","","https://cdn.shopify.com/s/files/1/0852/8484/7908/files/2_335efd83-ffd8-43b3-a6a9-f005d6f9d403.jpg?v=1719819826"
"Ready Tule Scarf","57422525321700","14978665873700","warehouse","1","","https://cdn.shopify.com/s/files/1/0852/8484/7908/files/2_335efd83-ffd8-43b3-a6a9-f005d6f9d403.jpg?v=1719819826"
"Breathable Sleeveless Dress","18499262200240","14979118104868","warehouse","1","Offwhite / L/XL","https://cdn.shopify.com/s/files/1/0852/8484/7908/files/5_836e83bd-b0f5-4061-9c0f-a5b507d2053c.jpg?v=1717493312"
"Ready Tulle Scarf","57422525321700","14980122149156","warehouse","1","","https://cdn.shopify.com/s/files/1/0852/8484/7908/files/2_335efd83-ffd8-43b3-a6a9-f005d6f9d403.jpg?v=1719819826"
"Zipper Modest Burkini","17499169921720","14980348379428","warehouse","1","S/M","https://cdn.shopify.com/s/files/1/0852/8484/7908/files/4_067d46ee-1810-47fc-84b8-c2f15af828c1.jpg?v=1717763801"
"Ready Tulle Scarf","57422525321700","14980348412196","warehouse","1","","https://cdn.shopify.com/s/files/1/0852/8484/7908/files/2_335efd83-ffd8-43b3-a6a9-f005d6f9d403.jpg?v=1719819826"
"Black Waist Cover Up","57499160621700","14980351918372","warehouse","1","Free size","https://cdn.shopify.com/s/files/1/0852/8484/7908/files/2_011e0c35-7461-49b5-baef-d2f510709e4c.jpg?v=1719503134"
"Ready Tulle Scarf","57422525321700","14980351951140","warehouse","1","","https://cdn.shopify.com/s/files/1/0852/8484/7908/files/2_335efd83-ffd8-43b3-a6a9-f005d6f9d403.jpg?v=1719819826"
"Bubbly Cover Up","10099090041217","14980445831460","warehouse","1","4 / Free size","https://cdn.shopify.com/s/files/1/0852/8484/7908/files/5_4e360738-4654-48ce-a81e-22eebcd728ed.jpg?v=1718194937"
"Ready Tulle Scarf","57422525321700","14980540006692","warehouse","1","","https://cdn.shopify.com/s/files/1/0852/8484/7908/files/2_335efd83-ffd8-43b3-a6a9-f005d6f9d403.jpg?v=1719819826"
"Ready Tulle Scarf","57422525321700","14980542595364","warehouse","2","","https://cdn.shopify.com/s/files/1/0852/8484/7908/files/2_335efd83-ffd8-43b3-a6a9-f005d6f9d403.jpg?v=1719819826"
"Ready Tulle Scarf","57422525321700","14980580671780","warehouse","1","","https://cdn.shopify.com/s/files/1/0852/8484/7908/files/2_335efd83-ffd8-43b3-a6a9-f005d6f9d403.jpg?v=1719819826"
"Ready Tulle Scarf","57422525321700","14980614226212","warehouse","1","","https://cdn.shopify.com/s/files/1/0852/8484/7908/files/2_335efd83-ffd8-43b3-a6a9-f005d6f9d403.jpg?v=1719819826"
"Ready Tulle Scarf","57422525321700","14980636967204","warehouse","2","","https://cdn.shopify.com/s/files/1/0852/8484/7908/files/2_335efd83-ffd8-43b3-a6a9-f005d6f9d403.jpg?v=1719819826"
"Ready Tulle Scarf","57422525321700","14980658823460","warehouse","1","","https://cdn.shopify.com/s/files/1/0852/8484/7908/files/2_335efd83-ffd8-43b3-a6a9-f005d6f9d403.jpg?v=1719819826"
"Ready Tulle Scarf","57422525321700","14979006464292","warehouse","1","","https://cdn.shopify.com/s/files/1/0852/8484/7908/files/2_335efd83-ffd8-43b3-a6a9-f005d6f9d403.jpg?v=1719819826"
"Ready Tulle Scarf","57422525321700","14981728141604","warehouse","1","","https://cdn.shopify.com/s/files/1/0852/8484/7908/files/2_335efd83-ffd8-43b3-a6a9-f005d6f9d403.jpg?v=1719819826"
"Ready Tulle Scarf","57422525321700","14981728862500","warehouse","1","","https://cdn.shopify.com/s/files/1/0852/8484/7908/files/2_335efd83-ffd8-43b3-a6a9-f005d6f9d403.jpg?v=1719819826"
"Ready Tulle Scarf","57422525321700","14981750456612","warehouse","1","","https://cdn.shopify.com/s/files/1/0852/8484/7908/files/2_335efd83-ffd8-43b3-a6a9-f005d6f9d403.jpg?v=1719819826"
"Ready Tulle Scarf","57422525321700","14981770150180","warehouse","1","","https://cdn.shopify.com/s/files/1/0852/8484/7908/files/2_335efd83-ffd8-43b3-a6a9-f005d6f9d403.jpg?v=1719819826"
"Ready Tulle Scarf","57422525321700","14981774049572","warehouse","1","","https://cdn.shopify.com/s/files/1/0852/8484/7908/files/2_335efd83-ffd8-43b3-a6a9-f005d6f9d403.jpg?v=1719819826"
"Girly Chiffon Square","10011120030083","14981778932004","warehouse","1","Mauve","https://cdn.shopify.com/s/files/1/0852/8484/7908/products/F8MGseqh5odR5gINt1Bi0StYUyrk8s6Pi7OarWdE_99faecd4-d8e8-4ffd-8dd2-c3b39ecbb334.jpg?v=1706296400"
"Ready Tulle Scarf","57422525321700","14981780078884","warehouse","1","","https://cdn.shopify.com/s/files/1/0852/8484/7908/files/2_335efd83-ffd8-43b3-a6a9-f005d6f9d403.jpg?v=1719819826"
"Ready Tulle Scarf","57422525321700","14981801443620","warehouse","1","","https://cdn.shopify.com/s/files/1/0852/8484/7908/files/2_335efd83-ffd8-43b3-a6a9-f005d6f9d403.jpg?v=1719819826"
"Ready Tulle Scarf","57422525321700","14981817368868","warehouse","1","","https://cdn.shopify.com/s/files/1/0852/8484/7908/files/2_335efd83-ffd8-43b3-a6a9-f005d6f9d403.jpg?v=1719819826"
"Ready Tulle Scarf","57422525321700","14981822316836","warehouse","1","","https://cdn.shopify.com/s/files/1/0852/8484/7908/files/2_335efd83-ffd8-43b3-a6a9-f005d6f9d403.jpg?v=1719819826"
"Ready Tulle Scarf","57422525321700","14981823103268","warehouse","1","","https://cdn.shopify.com/s/files/1/0852/8484/7908/files/2_335efd83-ffd8-43b3-a6a9-f005d6f9d403.jpg?v=1719819826"
"Ready Tulle Scarf","57422525321700","14981839847716","warehouse","1","","https://cdn.shopify.com/s/files/1/0852/8484/7908/files/2_335efd83-ffd8-43b3-a6a9-f005d6f9d403.jpg?v=1719819826"
"Ready Tulle Scarf","57422525321700","14981844271396","warehouse","1","","https://cdn.shopify.com/s/files/1/0852/8484/7908/files/2_335efd83-ffd8-43b3-a6a9-f005d6f9d403.jpg?v=1719819826"
"Ready Tulle Scarf","57422525321700","14981848236324","warehouse","1","","https://cdn.shopify.com/s/files/1/0852/8484/7908/files/2_335efd83-ffd8-43b3-a6a9-f005d6f9d403.jpg?v=1719819826"
"Ready Tulle Scarf","57422525321700","14981917409572","warehouse","1","","https://cdn.shopify.com/s/files/1/0852/8484/7908/files/2_335efd83-ffd8-43b3-a6a9-f005d6f9d403.jpg?v=1719819826"
"Ready Tulle Scarf","57422525321700","14981917933860","warehouse","1","","https://cdn.shopify.com/s/files/1/0852/8484/7908/files/2_335efd83-ffd8-43b3-a6a9-f005d6f9d403.jpg?v=1719819826"
"Cotton Lycra Turban","59022525241005","14981964824868","warehouse","1","Cafe","https://cdn.shopify.com/s/files/1/0852/8484/7908/files/1_3826cf23-d2fe-47df-9f04-59987228fdb0.jpg?v=1713093112"
"Dress Extension","10055350600200","14981964857636","warehouse","1","Free size / OffWhite","https://cdn.shopify.com/s/files/1/0852/8484/7908/products/MKwRjVGYbm4x1dQssvnX5WPZYeGvMDw6JrbmUp4A_038596a5-5b93-4b33-bcbe-01bceb4a9a0b.webp?v=1706293552"
"Hijab Satin Scrunchie","83022020121740","14981964890404","warehouse","2","Free size / Black","https://cdn.shopify.com/s/files/1/0852/8484/7908/files/7_28193c81-e8ee-439a-9102-d2a9c1959f44.jpg?v=1719239902"
"Cotton Lycra Turban","59022525241002","14981964923172","warehouse","1","Offwhite","https://cdn.shopify.com/s/files/1/0852/8484/7908/files/4_41b45cd9-9b79-41fe-9fc5-67ad43a0e257.jpg?v=1713002117"
"Ordinary Pin (Pack of 5)","80044340200001","14981964955940","warehouse","1","","https://cdn.shopify.com/s/files/1/0852/8484/7908/files/1_ba2825e6-5f66-4ee9-ade7-62b3c602bb44.jpg?v=1719502011"
"Pure Cotton Kuwaiti Cap With Tie Back","10022322500200","14981976621348","warehouse","1","Offwhite","https://cdn.shopify.com/s/files/1/0852/8484/7908/files/1_5c3719c5-ca97-433c-b355-11e9cba7e002.jpg?v=1713709918"
"Cotton Crinkle Scarf","10011030959012","14981976654116","warehouse","1","LightCafe","https://cdn.shopify.com/s/files/1/0852/8484/7908/files/5_05728310-10b4-4dda-b57f-f4ea194e95c2.jpg?v=1715698869"
"Soft Lycra Scarf","10411030807002","14981976686884","warehouse","1","OffWhite","https://cdn.shopify.com/s/files/1/0852/8484/7908/files/14_aef4cba8-ba65-44b8-a012-1ee896f0eebc.jpg?v=1712585118"
"Cotton Crinkle Scarf","10011030959239","14981976719652","warehouse","1","LimeGreen","https://cdn.shopify.com/s/files/1/0852/8484/7908/files/3_02952f8b-57d7-4034-b253-888f04d601ca.jpg?v=1713083538"
"Soft Lycra Scarf","10411030807010","14981976752420","warehouse","1","SandBeige","https://cdn.shopify.com/s/files/1/0852/8484/7908/files/3_6a8df424-3fa6-46ef-85e3-e22b22777941.jpg?v=1712585163"
"Soft Lycra Scarf","10411030807217","14981976785188","warehouse","1","Black","https://cdn.shopify.com/s/files/1/0852/8484/7908/files/12_fc40fb8a-e2a2-4213-b538-20e566b1076e.jpg?v=1712585169"
"Luxury Linen Scarf","10411030981012","14981976817956","warehouse","1","Olive","https://cdn.shopify.com/s/files/1/0852/8484/7908/files/7_11aec33a-2b7a-4179-8472-ff85e244ac32.jpg?v=1716393457"
"Luxury Linen Scarf","10411030981114","14981976850724","warehouse","1","LightCafe","https://cdn.shopify.com/s/files/1/0852/8484/7908/files/8_06d63d69-f41b-4bb1-a3d4-ea108476d450.jpg?v=1716393466"
"Floral Finesse Chiffon Scarf","10011001014899","14981992087844","warehouse","1","","https://cdn.shopify.com/s/files/1/0852/8484/7908/files/1_f9e54546-9168-427c-9bb0-d50ee09425cb.jpg?v=1710677530"
"Mystic Chiffon Scarf","10011001014929","14981992120612","warehouse","1","","https://cdn.shopify.com/s/files/1/0852/8484/7908/files/1_f3d9b0b6-249d-4ec5-bd52-7e53bff54c9f.jpg?v=1710674908"
"Plain Pure Scarf (Big Size)","10011020023002","14981992153380","warehouse","1","Offwhite","https://cdn.shopify.com/s/files/1/0852/8484/7908/files/10011020023002.jpg?v=1719320925"
"Plain Pure Scarf (Big Size)","10011020023003","14981992186148","warehouse","1","Almond","https://cdn.shopify.com/s/files/1/0852/8484/7908/files/10011020023003.jpg?v=1719321378"
"Plain Pure Scarf (Big Size)","10011020023004","14981992218916","warehouse","1","Beige","https://cdn.shopify.com/s/files/1/0852/8484/7908/files/10011020023004.jpg?v=1719321069"
"Pure Chiffon Crinkle Scarf","10011020013002","14981992251684","warehouse","1","White","https://cdn.shopify.com/s/files/1/0852/8484/7908/files/10_b7accd68-fb6e-447d-ad4a-41e2f0dc1513.jpg?v=1719915576"
"Black Dots Chiffon Scarf","10011001013341","14981992284452","warehouse","1","","https://cdn.shopify.com/s/files/1/0852/8484/7908/files/76.jpg?v=1711200129"
"Inner Silk Underscarf","10022424600200","14981992317220","warehouse","1","OffWhite","https://cdn.shopify.com/s/files/1/0852/8484/7908/products/I6dcsqDoszOIAMJGrEFnUAeZppGJ57KH2ExL54Oh_7b117b2c-87e7-461b-a643-d83f6b984434.jpg?v=1706295624"
"Basic Sleeves Dress","31499494121700","14984719565092","warehouse","1","Black / Free size","https://cdn.shopify.com/s/files/1/0852/8484/7908/files/3_8952c5a8-b3e6-4eee-b53d-302efee875a0.jpg?v=1716904706"
"Ready Tulle Scarf","57422525321700","14984766226724","warehouse","1","","https://cdn.shopify.com/s/files/1/0852/8484/7908/files/2_335efd83-ffd8-43b3-a6a9-f005d6f9d403.jpg?v=1719819826"
"Ready Tulle Scarf","57422525321700","14984783495460","warehouse","2","","https://cdn.shopify.com/s/files/1/0852/8484/7908/files/2_335efd83-ffd8-43b3-a6a9-f005d6f9d403.jpg?v=1719819826"
"Ready Tulle Scarf","57422525321700","14984803189028","warehouse","1","","https://cdn.shopify.com/s/files/1/0852/8484/7908/files/2_335efd83-ffd8-43b3-a6a9-f005d6f9d403.jpg?v=1719819826"
"Ready Tulle Scarf","57422525321700","14984909685028","warehouse","2","","https://cdn.shopify.com/s/files/1/0852/8484/7908/files/2_335efd83-ffd8-43b3-a6a9-f005d6f9d403.jpg?v=1719819826"
"Ready Tulle Scarf","57422525321700","14984948678948","warehouse","1","","https://cdn.shopify.com/s/files/1/0852/8484/7908/files/2_335efd83-ffd8-43b3-a6a9-f005d6f9d403.jpg?v=1719819826"
"Ready Tulle Scarf","57422525321700","14984987443492","warehouse","1","","https://cdn.shopify.com/s/files/1/0852/8484/7908/files/2_335efd83-ffd8-43b3-a6a9-f005d6f9d403.jpg?v=1719819826"
"Ready Tulle Scarf","57422525321700","14985043771684","warehouse","1","","https://cdn.shopify.com/s/files/1/0852/8484/7908/files/2_335efd83-ffd8-43b3-a6a9-f005d6f9d403.jpg?v=1719819826"
"Ready Tulle Scarf","57422525321700","14985107734820","warehouse","1","","https://cdn.shopify.com/s/files/1/0852/8484/7908/files/2_335efd83-ffd8-43b3-a6a9-f005d6f9d403.jpg?v=1719819826"
"Swim/Sports Hijab","10022424521700","14985107767588","warehouse","1","","https://cdn.shopify.com/s/files/1/0852/8484/7908/files/pbgAlZCRT1i6gw9p42sjmL5T7tUoqWBhdKmKnwjG.jpg?v=1711196519"
"Ready Tulle Scarf","57422525321700","14985202041124","warehouse","1","","https://cdn.shopify.com/s/files/1/0852/8484/7908/files/2_335efd83-ffd8-43b3-a6a9-f005d6f9d403.jpg?v=1719819826"
"Ready Tulle Scarf","57422525321700","14985203548452","warehouse","2","","https://cdn.shopify.com/s/files/1/0852/8484/7908/files/2_335efd83-ffd8-43b3-a6a9-f005d6f9d403.jpg?v=1719819826"
"Ready Tulle Scarf","57422525321700","14985323872548","warehouse","1","","https://cdn.shopify.com/s/files/1/0852/8484/7908/files/2_335efd83-ffd8-43b3-a6a9-f005d6f9d403.jpg?v=1719819826"
"Ready Tulle Scarf","57422525321700","14985561309476","warehouse","1","","https://cdn.shopify.com/s/files/1/0852/8484/7908/files/2_335efd83-ffd8-43b3-a6a9-f005d6f9d403.jpg?v=1719819826"
"Ready Tulle Scarf","57422525321700","14987328946468","warehouse","1","","https://cdn.shopify.com/s/files/1/0852/8484/7908/files/2_335efd83-ffd8-43b3-a6a9-f005d6f9d403.jpg?v=1719819826"
"Basic Lycra Scarf","10011030975171","14994571231524","warehouse","1","DarkGreen","https://cdn.shopify.com/s/files/1/0852/8484/7908/files/1_9316aece-1c6a-4ff0-af42-a7982c8a0fd6.jpg?v=1719405061"
"Ready Tulle Scarf","57422525321700","14988927762724","warehouse","2","","https://cdn.shopify.com/s/files/1/0852/8484/7908/files/2_335efd83-ffd8-43b3-a6a9-f005d6f9d403.jpg?v=1719819826"
"Ready Tulle Scarf","57422525321700","14989532266788","warehouse","1","","https://cdn.shopify.com/s/files/1/0852/8484/7908/files/2_335efd83-ffd8-43b3-a6a9-f005d6f9d403.jpg?v=1719819826"
"Ready Tulle Scarf","57422525321700","14989562511652","warehouse","1","","https://cdn.shopify.com/s/files/1/0852/8484/7908/files/2_335efd83-ffd8-43b3-a6a9-f005d6f9d403.jpg?v=1719819826"
"Ready Tulle Scarf","57422525321700","14989898711332","warehouse","1","","https://cdn.shopify.com/s/files/1/0852/8484/7908/files/2_335efd83-ffd8-43b3-a6a9-f005d6f9d403.jpg?v=1719819826"
"Ready Tulle Scarf","57422525321700","14990074249508","warehouse","1","","https://cdn.shopify.com/s/files/1/0852/8484/7908/files/2_335efd83-ffd8-43b3-a6a9-f005d6f9d403.jpg?v=1719819826"
"Leopard Lycra Scarf","10011030803002","14993149919524","warehouse","1","Offwhite","https://cdn.shopify.com/s/files/1/0852/8484/7908/files/2_49715685-6330-41a1-882d-5faf56514662.jpg?v=1717399693"
"Ready Tulle Scarf","57422525321700","14995181371684","warehouse","1","","https://cdn.shopify.com/s/files/1/0852/8484/7908/files/2_335efd83-ffd8-43b3-a6a9-f005d6f9d403.jpg?v=1719819826"
"Plain Cotton Lycra Scarf","10011030951008","14979544154404","warehouse","1","Almond","https://cdn.shopify.com/s/files/1/0852/8484/7908/files/1_add66057-6313-4a6b-b7f7-7d6997aff272.jpg?v=1719501523"
"Printed Satin Pants","23499595860640","14979544187172","warehouse","1","12 / L/XL","https://cdn.shopify.com/s/files/1/0852/8484/7908/files/23499595860620.jpg?v=1719683343"
"Comfy Shirt","16499453600400","14979544219940","warehouse","1","BoneBeige / Free Size","https://cdn.shopify.com/s/files/1/0852/8484/7908/files/2_5ad553da-6ecc-4c87-9871-4a7870c9bb2d.jpg?v=1712332845"
"Everyday Linen Pants","14499555420920","14995351634212","warehouse","1","Blue / S/M","https://cdn.shopify.com/s/files/1/0852/8484/7908/files/4_7e333e7d-56b2-4930-9933-b69ee0fcdd63.jpg?v=1717074381"
"Breathable Sleeveless Dress","18499262200440","14995483099428","warehouse","1","Beige / L/XL","https://cdn.shopify.com/s/files/1/0852/8484/7908/files/2_7a639f1a-dbb7-4aa8-989b-f958b82c73ce.jpg?v=1717493351"
"Breathable Sleeveless Dress","18499262221740","14995483132196","warehouse","1","Black / L/XL","https://cdn.shopify.com/s/files/1/0852/8484/7908/files/3_300439ac-778a-4634-8090-a9df3178d601.jpg?v=1717493357"
"Printed Satin Kimono","16499666762100","14995483164964","warehouse","1","1 / Free size","https://cdn.shopify.com/s/files/1/0852/8484/7908/files/7_5b4cdda4-008b-4b67-b8c9-fbebc66a0ddc.jpg?v=1718103400"
"Plain Silk Scarf","10011040096022","14995553583396","warehouse","1","DustyRose","https://cdn.shopify.com/s/files/1/0852/8484/7908/files/3_9d0be467-b974-40da-ab40-d1aaee662825.jpg?v=1719657568"
"Matte Magnet Pin","1001-18","14995638681892","warehouse","1","10","https://cdn.shopify.com/s/files/1/0852/8484/7908/files/10_f2beb9b4-3a38-4642-a553-1d7dedf5f7c5.jpg?v=1716890614"
"Puffy Poplin Chemise","57499760107500","14995643629860","warehouse","1","Purple / Free size","https://cdn.shopify.com/s/files/1/0852/8484/7908/files/4_9a03be42-aae1-4ced-abc1-8f51218b68b8.jpg?v=1720084576"
"Stripped Basic Shirt","43499464600140","14995643662628","warehouse","1","3 / L/XL","https://cdn.shopify.com/s/files/1/0852/8484/7908/files/2_a08bbb66-af57-412e-a027-236afe14cd89.jpg?v=1719415351"
"Cotton Crinkle Modal","10011030959258","14995680854308","warehouse","1","WarmIvory","https://cdn.shopify.com/s/files/1/0852/8484/7908/files/8_88117cc3-4b09-4df9-9700-dce54e77ef68.jpg?v=1716215990"
"No Thread Underscarf","10022323023100","14995731022116","warehouse","1","Cafe","https://cdn.shopify.com/s/files/1/0852/8484/7908/products/H5YVKA5DpfbES5mWTeGHFisYqAwlafsHOM8NQ7TX_5c64d80c-946e-42e9-95ab-b8b92fe0eb88.jpg?v=1719499398"
"Everyday Linen Pants","14499555421720","14995752321316","warehouse","1","Black / S/M","https://cdn.shopify.com/s/files/1/0852/8484/7908/files/3_4b5b1d1b-71de-41b1-bdaa-6e0fa277d9d5.jpg?v=1717074375"
"Plain Cozzy Squared Scarf","10011130952063","14995822412068","warehouse","1","22","https://cdn.shopify.com/s/files/1/0852/8484/7908/products/QAMo77mBhWdgMt6Zu52MbLZODJrDwDdcQU7s5C2Y_6fcc8397-8429-45d5-821d-17dd00bbafa8.jpg?v=1706296911"
"Floral Viscose Khemar","57066060236314","14995822444836","warehouse","1","Style 1 / Free size","https://cdn.shopify.com/s/files/1/0852/8484/7908/files/aMhgSFwZ1Yojcb7EsucHFcAxP7buFOrMM34CC2Xz_accbf919-2b76-4420-8bf6-0224752c1f1f.jpg?v=1711881127"
"Floral Viscose Khemar","57066060236318","14995822477604","warehouse","1","Style 3 / Free size","https://cdn.shopify.com/s/files/1/0852/8484/7908/files/Ky9gWRj5Q00D2OvclsoM7GYZ0lug4FxHKUpXOYKZ_76ed920c-6546-4699-b451-e170a49822b5.jpg?v=1711881127"
"Luxury Linen Scarf","10411030981012","14995838894372","warehouse","1","Olive","https://cdn.shopify.com/s/files/1/0852/8484/7908/files/7_11aec33a-2b7a-4179-8472-ff85e244ac32.jpg?v=1716393457"
"Everyday Linen Satin Scarf","10011013586125","14995838927140","warehouse","1","DustyPink","https://cdn.shopify.com/s/files/1/0852/8484/7908/files/2_e20ab173-4e57-4c49-8bcd-6f69583bc1a2.jpg?v=1718287504"
"Everyday Linen Satin Scarf","10011030971114","14995838959908","warehouse","1","Almond","https://cdn.shopify.com/s/files/1/0852/8484/7908/files/17_0e2ffffe-6af4-4af7-9999-b6550b396465.jpg?v=1718287616"
"Luxury Linen Scarf","10411030981114","14995838992676","warehouse","1","LightCafe","https://cdn.shopify.com/s/files/1/0852/8484/7908/files/8_06d63d69-f41b-4bb1-a3d4-ea108476d450.jpg?v=1716393466"
"Basic Oversized Shirt","13499359300100","14995888472356","warehouse","1","Free size","https://cdn.shopify.com/s/files/1/0852/8484/7908/files/1_3a8bd888-420f-4e57-aefc-f66c6979e6c1.jpg?v=1715158262"
"Diamond Counter","10088484341404","14995909148964","warehouse","1","4","https://cdn.shopify.com/s/files/1/0852/8484/7908/products/4_ccaed581-7742-4eab-983a-0678ad066b87.jpg?v=1709746332"
"Girly Chiffon Square","10011120030217","14995929497892","warehouse","1","Black","https://cdn.shopify.com/s/files/1/0852/8484/7908/products/9opomw2iUv17iqbJN7JYhj2QIFpzTXdmXxUmdLdc_0568def0-fa82-4337-8877-a0759ad73616.jpg?v=1706296399"
"Shine Turkish Clips","0002-01-63","14995929530660","warehouse","1","LightGrey","https://cdn.shopify.com/s/files/1/0852/8484/7908/products/iq4MJ9tXQ0SOe0r0MUDeahwqmWOI5uHBS5U4nKrU_bf5ac3fa-a447-4561-837b-379651f85758.jpg?v=1706293771"
"Tulip Turkish Clips","0002-01-19","14995929563428","warehouse","1","Beige","https://cdn.shopify.com/s/files/1/0852/8484/7908/files/5_23d2f690-c774-40ad-bf25-e5daf81661af.jpg?v=1717325959"
"Syrian Underscarf Close-End","10022121100100","14995929661732","warehouse","1","White","https://cdn.shopify.com/s/files/1/0852/8484/7908/products/SJHePdX7w1UmbfjHVYG1t7OMNBsspBmIOmkTfjHq_644900bb-af99-4c90-9e1d-2193ce95c8f3.jpg?v=1706295921"
"Vital Shirt","10099959900100","14995929792804","warehouse","1","White / S/M","https://cdn.shopify.com/s/files/1/0852/8484/7908/files/5_e284f09d-f739-45f6-9aa7-bb5e076d6a64.jpg?v=1719304806"
"Printed Satin Set","2","14995929825572","warehouse","1","2 / S/M","https://cdn.shopify.com/s/files/1/0852/8484/7908/files/2_112888c1-4483-47cc-9d59-d68de35f87cc.jpg?v=1720439402"
"Pleated Plain Square Scarf","10011120019003","14995931529508","warehouse","1","20","https://cdn.shopify.com/s/files/1/0852/8484/7908/products/YgfhhauskM16QyKQCBaQ4Re00ApSxHDRhmbzOV7s_042ce878-d1c0-4776-9168-0b6167800090.jpg?v=1706296478"
"Vibrant Chiffon Scarf","10011001015515","14995931562276","warehouse","1","","https://cdn.shopify.com/s/files/1/0852/8484/7908/files/24_cad100e4-7365-4057-8946-abe0b49d94c8.jpg?v=1717421717"
"Blooming Chiffon Scarf","10011001013103","14995931595044","warehouse","1","2","https://cdn.shopify.com/s/files/1/0852/8484/7908/files/6_b7327a32-66b0-4f2c-9a04-a0ca2db503cf.jpg?v=1720533834"
"Flowy Glittery Scarf","10011000944114","14995931627812","warehouse","1","Cafe","https://cdn.shopify.com/s/files/1/0852/8484/7908/files/2_b1fea6ac-d84f-433d-9db8-30421279e825.jpg?v=1716974690"
"Pleated Plain Square Scarf","10011120019217","14995931693348","warehouse","1","15","https://cdn.shopify.com/s/files/1/0852/8484/7908/products/6wvk9nqfheueHoPQFx35AzZUBVYkAoxZJ2Cdo8xL_7b6f9634-4f4d-4657-b42e-d0ff50cc7f4e.jpg?v=1706296478"
"Butterfly Shirt","15499767216200","14995968098596","warehouse","1","LimeGreen / Free size","https://cdn.shopify.com/s/files/1/0852/8484/7908/files/2_8491a03f-5a76-4c5e-b313-74073f3ecdd5.jpg?v=1716985871"
"Stripped Basic Shirt","43499464600140","14995993035044","warehouse","1","3 / L/XL","https://cdn.shopify.com/s/files/1/0852/8484/7908/files/2_a08bbb66-af57-412e-a027-236afe14cd89.jpg?v=1719415351"
"Brilliant Chiffon Scarf","10011001015082","14996175716644","warehouse","1","1","https://cdn.shopify.com/s/files/1/0852/8484/7908/files/20_2ff3332c-af6d-46fe-8e43-6a10c1bdf9eb.jpg?v=1717417143"
"Breezy Chiffon Scarf","10011001015059","14996175749412","warehouse","1","","https://cdn.shopify.com/s/files/1/0852/8484/7908/files/14_422ef8b9-0022-40ce-87ee-89cfeaa8b047.jpg?v=1717410897"
"Joyous Chiffon Scarf","10011001015164","14996175782180","warehouse","2","1","https://cdn.shopify.com/s/files/1/0852/8484/7908/files/1_b062fb03-a314-4b2c-a12f-a5363efb60a6.jpg?v=1717405272"
"Joyous Chiffon Scarf","10011001015163","14996175814948","warehouse","2","2","https://cdn.shopify.com/s/files/1/0852/8484/7908/files/2_c1aed184-345e-44d8-89d7-78969815e927.jpg?v=1717405272"
"Geometric Chiffon Scarf","10011001014937","14996175847716","warehouse","1","","https://cdn.shopify.com/s/files/1/0852/8484/7908/files/1_4cb9eb65-c777-4fc3-8c0b-01edf780d0f0.jpg?v=1710678407"
"Midnight Chiffon Scarf","10011001014857","14996175880484","warehouse","1","2","https://cdn.shopify.com/s/files/1/0852/8484/7908/products/4_3313e32f-1fa1-4eb8-994d-4b5414b29e9b.jpg?v=1710921314"
"Blossom Beauty Scarf","10011001014402","14996175913252","warehouse","1","","https://cdn.shopify.com/s/files/1/0852/8484/7908/products/wUmuLxdMOp8V5wCMnexGWcbOgMKwYCQzJZExP7sO_2aae82b2-1dba-430b-ac35-46b2c677c943.jpg?v=1709421362"
"Arabian Black Scarf","10011001014926","14996175946020","warehouse","1","","https://cdn.shopify.com/s/files/1/0852/8484/7908/files/1_b5e036b6-ae1c-4785-818b-bdd49b4699c3.jpg?v=1710674174"
"Cotton Kuwaiti Underscarf without Tie-Back","10022323701200","14996186824996","warehouse","1","Bisque","https://cdn.shopify.com/s/files/1/0852/8484/7908/files/PSJSOVp0B5yfQv3byr87xIp59Lxzvh0eVG1lpA4n.jpg?v=1713082312"
"Cotton Kuwaiti Underscarf without Tie-Back","10022323722900","14996186923300","warehouse","1","GreyPink","https://cdn.shopify.com/s/files/1/0852/8484/7908/files/2_08b6f74d-ceff-408f-9868-d968dbfbfef5.jpg?v=1713083057"
"Pure Cotton Kuwaiti Cap","10022322721700","14996187054372","warehouse","1","Black","https://cdn.shopify.com/s/files/1/0852/8484/7908/files/Untitled-1-Recovered_c912b436-24a8-4433-ad1c-63e5f743641f.jpg?v=1717596709"
"Basic Turkish Clips","0002-01-42","14996198883620","warehouse","1","3","https://cdn.shopify.com/s/files/1/0852/8484/7908/products/dOggwlS0kKbuNxMRY11Bhj8xtkPPDuJ7JrhCfCMQ_d18994a3-5bd6-4913-9a05-76ebd93c2bd4.jpg?v=1706293755"
"Lined Magnetic Pin","60444142112100","14996198949156","warehouse","1","","https://cdn.shopify.com/s/files/1/0852/8484/7908/files/Untitled-2-Recovered.jpg?v=1717323758"
"Basic Turkish Clips","0002-01-44","14996198981924","warehouse","1","5","https://cdn.shopify.com/s/files/1/0852/8484/7908/products/5Ua3AogLU3QWosu4Jw7zurccpfSS1zl9bPb4oDjk_fd4f8946-cbb6-4ea0-97fc-7d87241e2d1c.jpg?v=1706293755"
"Printed Satin Kimono","23499666760900","14996283261220","warehouse","1","7 / Free size","https://cdn.shopify.com/s/files/1/0852/8484/7908/files/23499666760900.jpg?v=1718187918"
"Soft Lycra Scarf","10411030807002","14996283293988","warehouse","1","OffWhite","https://cdn.shopify.com/s/files/1/0852/8484/7908/files/14_aef4cba8-ba65-44b8-a012-1ee896f0eebc.jpg?v=1712585118"
"Basic Lycra Scarf","10011030975056","14996283326756","warehouse","1","FireOrange","https://cdn.shopify.com/s/files/1/0852/8484/7908/files/11_d1365052-25d0-44e5-a739-5dae79ff7252.jpg?v=1713106244"
"No Thread Underscarf With Tie-Back","10022323500100","14996380025124","warehouse","1","White","https://cdn.shopify.com/s/files/1/0852/8484/7908/products/e7T9I7qB9nGkOFq0fa8N8LBQJhIbwEMEtC1Nnvdo_fbd84a0a-75c4-4f88-9edd-b1d5f2a3134e.jpg?v=1706295767"
"Oversized Shirt","22499359321700","14996380090660","warehouse","1","Black / Free size","https://cdn.shopify.com/s/files/1/0852/8484/7908/files/7_2720530b-4059-4cdc-8dbb-f39bf1c5d4fa.jpg?v=1717963802"
"Lined Lycra Scarf","10011030810113","14996407484708","warehouse","1","Cafe","https://cdn.shopify.com/s/files/1/0852/8484/7908/files/15.png?v=1715848977"
"Plain Cotton Lycra Scarf","10011030951021","14996407550244","warehouse","1","FlamingoPink","https://cdn.shopify.com/s/files/1/0852/8484/7908/products/ODM3sVr6FGu793laBlMAqettKU6maKieGk9IBhWa_f850d26e-afd4-4d07-87c1-89470c4e5a77.jpg?v=1707320426"
"Linen Pants","47499565300220","14996510146852","warehouse","1","Linen / L/XL","https://cdn.shopify.com/s/files/1/0852/8484/7908/files/1_d27b4deb-7c0c-4c07-98ed-b185ef9fb47e.jpg?v=1712392563"
"Hazy Viscose Isdal","57466060136415","14996546224420","warehouse","1","Free size","https://cdn.shopify.com/s/files/1/0852/8484/7908/files/1_47ee60b7-8c4e-4e6a-a335-bf72bf4261b1.jpg?v=1711880808"
"Liberty Viscose Isdal","10066060136582","14996546257188","warehouse","1","1 / Free size","https://cdn.shopify.com/s/files/1/0852/8484/7908/files/11_e5d3f02d-37a3-46ea-a9ee-5517f7cb69c5.jpg?v=1719480409"
"Cotton Crinkle Scarf","10011030959199","14996659306788","warehouse","1","Petrol","https://cdn.shopify.com/s/files/1/0852/8484/7908/products/cfh3LVDjK410ckArKUIbtjRtacxqX17MZUDBd9JK_5f2bedcc-2e42-4757-b78a-cef9da1ffdb2.jpg?v=1706297191"
"Soft Lycra Scarf","10411030807113","14996699119908","warehouse","1","BoneBeige","https://cdn.shopify.com/s/files/1/0852/8484/7908/files/1_0a614e7e-4b59-482f-b073-72012d8733d4.jpg?v=1712585147"
"Soft Lycra Scarf","10411030807116","14996699152676","warehouse","1","BlushPink","https://cdn.shopify.com/s/files/1/0852/8484/7908/files/6_93d0fd0d-c487-4b93-9415-2b4dd86c78a7.jpg?v=1712585159"
"Lined Lycra Scarf","10011030810214","14996881801508","warehouse","1","Navy","https://cdn.shopify.com/s/files/1/0852/8484/7908/files/3_64af5456-6250-468e-a1e1-7721a91dcbfb.png?v=1715848974"
"Fairy Tale Scarf","10011010141230","14996881899812","warehouse","1","mocha","https://cdn.shopify.com/s/files/1/0852/8484/7908/products/Ne7uWHrTypOByWGQEnxd7CElg3Tarwdo09f3WdYI_ee28483c-a8a7-4780-b95c-c4a8b9c8288b.jpg?v=1706297443"
"Comfy Shirt","16499453608500","14997010219300","warehouse","1","Yellow / Free Size","https://cdn.shopify.com/s/files/1/0852/8484/7908/files/7_1592e274-f9f8-4dcb-aa15-3ddf55660a88.jpg?v=1712332848"
"Wrap Linen Set","57499868616300","14997027717412","warehouse","1","LimeGreen","https://cdn.shopify.com/s/files/1/0852/8484/7908/files/57499868616300.jpg?v=1720442216"
"Printed Satin Set","8","14997027750180","warehouse","1","2 / L/XL","https://cdn.shopify.com/s/files/1/0852/8484/7908/files/2_112888c1-4483-47cc-9d59-d68de35f87cc.jpg?v=1720439402"
"Everyday Linen Pants","14499555421740","14997051212068","warehouse","1","Black / L/XL","https://cdn.shopify.com/s/files/1/0852/8484/7908/files/3_4b5b1d1b-71de-41b1-bdaa-6e0fa277d9d5.jpg?v=1717074375"
"Everyday Linen Satin Scarf","10011030971082","14997065204004","warehouse","1","CherryRed","https://cdn.shopify.com/s/files/1/0852/8484/7908/files/13_d8cbc98b-cf65-4073-8968-26b95821e7c5.jpg?v=1718287606"
"Sleeveless Breathable Top","17499464221740","14997152104740","warehouse","1","Black / L/XL","https://cdn.shopify.com/s/files/1/0852/8484/7908/files/3_87433ef8-a486-454f-a12d-2e32d0dbb3e4.jpg?v=1719150425"
"Printed Satin Kimono","16499666762100","14997190377764","warehouse","1","1 / Free size","https://cdn.shopify.com/s/files/1/0852/8484/7908/files/7_5b4cdda4-008b-4b67-b8c9-fbebc66a0ddc.jpg?v=1718103400"
"Modal Cotton Scarf","10011030957217","14999806017828","warehouse","1","Black","https://cdn.shopify.com/s/files/1/0852/8484/7908/products/4n6mCLiNRnBimGA1ljuLDUEwuPP9249CQr7zzT4V_b0ba194f-9f8a-46ed-9044-19ba7575be70.jpg?v=1706297480"
"Cotton Kuwaiti Underscarf without Tie-Back","10022323722900","15001632801060","warehouse","1","GreyPink","https://cdn.shopify.com/s/files/1/0852/8484/7908/files/2_08b6f74d-ceff-408f-9868-d968dbfbfef5.jpg?v=1713083057"
"Plain Cotton Lycra Scarf","10011030951203","14995250872612","warehouse","1","Mauve","https://cdn.shopify.com/s/files/1/0852/8484/7908/files/3_5e1dadb5-4e33-452c-a56d-db5e35b7be54.jpg?v=1719501525"
"Healthy Hair Underscarf","10022323821700","14995250938148","warehouse","1","Black","https://cdn.shopify.com/s/files/1/0852/8484/7908/products/Fx1OTQ3Shrx3uzKVr4kq51Y4E1jlNaMdmIrWYiab_f0f23eb5-31bd-481a-a8f2-8a5638a501c4.jpg?v=1706791911"
"Swim/Sports Hijab","10022424521700","15004623601956","warehouse","1","","https://cdn.shopify.com/s/files/1/0852/8484/7908/files/pbgAlZCRT1i6gw9p42sjmL5T7tUoqWBhdKmKnwjG.jpg?v=1711196519"
"Body Sleeveless Round Neck","10033434400130","15003439169828","warehouse","1","Medium / White","https://cdn.shopify.com/s/files/1/0852/8484/7908/products/zb8BQauCPFVCkxapeWvcNOD5nkr9mJ9NUrw79rTF_514d4fd0-357f-43b0-b1e2-0308c97df8aa.jpg?v=1706294182"
"Chemise Sleeves Basic Undershirt","10033030000260","15003826585892","warehouse","1","2XL / OffWhite","https://cdn.shopify.com/s/files/1/0852/8484/7908/files/4_7836ea87-c7d3-4c5b-b25c-dba943fb6f06.jpg?v=1716821094"
"Chemise Sleeves Basic Undershirt","10033030021750","15003881013540","warehouse","1","XLarge / Black","https://cdn.shopify.com/s/files/1/0852/8484/7908/files/3_3243012f-98c8-4434-9fa7-dacb884e2090.jpg?v=1716821097"
"Yura Basic Dress","57499262112400","15003954118948","warehouse","1","Grey / Free size","https://cdn.shopify.com/s/files/1/0852/8484/7908/files/6_a601f4b5-94fa-4866-a0ac-70c147fe7a31.jpg?v=1717081343"
"Oversized Shirt","22499359304400","15004105965860","warehouse","1","Fuschia / Free size","https://cdn.shopify.com/s/files/1/0852/8484/7908/files/3_4b9f50ab-a34e-4375-a0bb-a97af20be40a.jpg?v=1717963812"
"Puffy Poplin Chemise","57499760108500","15004105998628","warehouse","1","Yellow / Free size","https://cdn.shopify.com/s/files/1/0852/8484/7908/files/5_6b1c1491-f8fa-4573-a8b8-0da4dd7096f9.jpg?v=1720084581"
"Gradient Cotton Scarf","60011010313120","15004106031396","warehouse","1","48","https://cdn.shopify.com/s/files/1/0852/8484/7908/products/6pWwNf5Zfv2vpd0HFtRAsKqHAYUz19l4C0jd6Cg0_e0e9ce26-e997-4216-8c69-9c6d10c4dde8.jpg?v=1706296324"
"Gradient Cotton Scarf","60011010313139","15004106064164","warehouse","1","63","https://cdn.shopify.com/s/files/1/0852/8484/7908/products/8okrH9hx10Vvt8mZZow4RGo4NkAPWrZVl0zAmp0m_61fc917a-c02e-4dc9-99d1-473d0269c104.png?v=1706296325"
"Gradient Cotton Scarf","60011010212170","15004106096932","warehouse","1","55","https://cdn.shopify.com/s/files/1/0852/8484/7908/products/SOizZ7lpurF6EoJ18qqWbjSJfstPVKED0BGkofoi_e7bd03a8-b090-423c-9fc7-0a30cd663c6a.jpg?v=1706296324"
"Rock Stone Scarf","60011011131004","15004106129700","warehouse","1","9","https://cdn.shopify.com/s/files/1/0852/8484/7908/products/89Vaxc0U1e3w9wSHBou52D9yDP6BJGrLYFYwSZ5V_4f28a6ab-d163-482d-aed1-99fd925f7419.jpg?v=1706296351"
"Light Gradient Cotton Scarf","60011010212122","15004106162468","warehouse","1","6","https://cdn.shopify.com/s/files/1/0852/8484/7908/products/RqE7pIkWe6r4TvzkDc9zZeYV1rta3DjQH0Eyl8Lk_ce6433ad-3e18-49f3-830e-3c5f17d2a049.jpg?v=1707221771"
"Light Gradient Cotton Scarf","60011010212173","15004106195236","warehouse","1","1","https://cdn.shopify.com/s/files/1/0852/8484/7908/products/UREoYgp4Q1EvXRjttatinBLSDie56k4zCwTQMKL8_9e041506-3b3f-46ce-b02a-587ffa6518c7.jpg?v=1706296281"
"Printed Gradient Scarf","60011010313004","15004106228004","warehouse","1","18","https://cdn.shopify.com/s/files/1/0852/8484/7908/products/lO0TmwYgBk3Yew7UKXL3R6eedD0PXNGwACDBv0VT_86e2d3a5-af18-497e-91d5-36e0d73b8622.jpg?v=1706296191"
"Cozy Cotton  Scarf","10011030950002","15004106260772","warehouse","1","OffWhite","https://cdn.shopify.com/s/files/1/0852/8484/7908/products/GCug7Gy3C526bfipu6SWv1VaHDJV5KQAD9Ch5cRU_fc006326-734c-4728-9d66-4a59c9d119e0.jpg?v=1706297409"
"Cozy Cotton  Scarf","10011030950114","15004106293540","warehouse","1","CedarBrown","https://cdn.shopify.com/s/files/1/0852/8484/7908/products/wTP0NPoAdXj5LYIHmpKztyDXib66NpdHI92E8KV0_5632a586-91c5-472e-9fb7-b7e3488d869f.jpg?v=1706297409"
"Flashy Chiffon Scarf","10011001012090","15004106326308","warehouse","1","","https://cdn.shopify.com/s/files/1/0852/8484/7908/files/70.jpg?v=1720620123"
"Cozy Cotton  Scarf","10011030950217","15004106359076","warehouse","1","Black","https://cdn.shopify.com/s/files/1/0852/8484/7908/products/rYG9JhuwU2AQaduYqWSA80q12WpQTPb8rz8MvU6E_95246089-427a-40ab-b612-fd49316bcd58.jpg?v=1706297409"
"No Thread Underscarf With Tie-Back","10022323121700","15004106391844","warehouse","1","Black","https://cdn.shopify.com/s/files/1/0852/8484/7908/products/quSFbTrepLAdYVa23sN3VQGwms40PQ6gWEmLQNxn_4637d56c-aff0-4a2d-900a-bd4fab296f28.jpg?v=1706295767"
"No Thread Underscarf With Tie-Back","10022323121400","15004106424612","warehouse","1","Navy","https://cdn.shopify.com/s/files/1/0852/8484/7908/products/mspeYe1PZfK2Xj95Kl6Ks6DcCseneZglzhC9NSCP_4eea83ec-cfec-4140-a0db-3b26a07b4185.jpg?v=1706295767"
"No Thread Underscarf With Tie-Back","10022323122100","15004106457380","warehouse","1","CedarBrown","https://cdn.shopify.com/s/files/1/0852/8484/7908/files/tuBzNW1fZH25T5DFC5BDm99ouF84xEiY72l1ywDx.jpg?v=1713098397"
"No Thread Underscarf With Tie-Back","10022323112500","15004106522916","warehouse","1","MushroomGrey","https://cdn.shopify.com/s/files/1/0852/8484/7908/files/1_4ce11a70-9cab-47cb-a9f1-f875deb8ae81.jpg?v=1715090613"
"Cotton Kuwaiti with Tie-Back","10022323523100","15004106555684","warehouse","1","Cafe","https://cdn.shopify.com/s/files/1/0852/8484/7908/files/2_f39fd067-f067-414e-bc43-b2469c104b4d.jpg?v=1715681516"
"Abaya Dress","3","15004106588452","warehouse","1","Black / Free size","https://cdn.shopify.com/s/files/1/0852/8484/7908/files/8_8d8cae61-4e6e-48a9-acf1-d8552e17f6b4.jpg?v=1718275578"
"Gradient Cotton Scarf","60011010313042","15004106621220","warehouse","1","44","https://cdn.shopify.com/s/files/1/0852/8484/7908/products/YVkXQ7BUzMdnklEPbBVesb4gz6vJeJjmAkHjCiKp_af8a3c99-3e20-4c39-83ad-2aca6dc1e666.jpg?v=1706296324"
"Cotton Kuwaiti with Tie-Back","10022323503300","15004106653988","warehouse","1","Cashmere","https://cdn.shopify.com/s/files/1/0852/8484/7908/products/hmcikXPJWfg4OXFULoCwEBYsNH8fEESLg4mHbGLo_3f6d004a-6483-4e8d-884d-57129b4f06cf.jpg?v=1716198203"
"Basic Sleeveless Dress","31499494021700","15004111634724","warehouse","1","Black / Free size","https://cdn.shopify.com/s/files/1/0852/8484/7908/files/3_b4698027-a0f5-448a-a3da-540854ba123d.jpg?v=1716905079"
"Full Chemise Cotton Body","10033434000240","15004111700260","warehouse","1","Large / OffWhite","https://cdn.shopify.com/s/files/1/0852/8484/7908/files/3_ec844969-aa17-4d0a-9079-00b037acb65f.jpg?v=1716818697"
"Pure Cotton Kuwaiti Cap With Tie Back","10022322500200","15004157772068","warehouse","1","Offwhite","https://cdn.shopify.com/s/files/1/0852/8484/7908/files/1_5c3719c5-ca97-433c-b355-11e9cba7e002.jpg?v=1713709918"
"Animal Print Chiffon Scarf","10411001013321","15004157870372","warehouse","1","","https://cdn.shopify.com/s/files/1/0852/8484/7908/files/32_802adc3c-b57b-41d6-bf96-2b5a706eb640.jpg?v=1720608953"
"Printed Gradient Scarf","60011010313134","15004157903140","warehouse","1","4","https://cdn.shopify.com/s/files/1/0852/8484/7908/products/9ZBXSwMgMwOha22TxcqpWbneDrkFiQMT6i08okf9_12bb54e3-0d7c-4568-853e-63f8da59b51c.jpg?v=1706296190"
"Light Gradient Cotton Scarf","60011010212173","15004157935908","warehouse","1","1","https://cdn.shopify.com/s/files/1/0852/8484/7908/products/UREoYgp4Q1EvXRjttatinBLSDie56k4zCwTQMKL8_9e041506-3b3f-46ce-b02a-587ffa6518c7.jpg?v=1706296281"
"Plain Pure Scarf (Big Size)","10011020023207","15004343927076","warehouse","1","DenimBlue","https://cdn.shopify.com/s/files/1/0852/8484/7908/files/10011020023207.jpg?v=1719321384"
"Cotton Kuwaiti with Tie-Back","10022323521700","15004343959844","warehouse","1","Black","https://cdn.shopify.com/s/files/1/0852/8484/7908/products/TfyyThHklzuHGMQP1TPQcBXdn0XlLWcIpU88YiLA_04204435-78ed-44e8-9efe-6beabedf7181.jpg?v=1706295785"
"Crinkle Satin Chiffon Scarf","10011020038097","15004470411556","warehouse","1","LightCashmere","https://cdn.shopify.com/s/files/1/0852/8484/7908/files/3_c91b8bbe-1606-4479-8bf5-f1f3386a34e4.jpg?v=1715504173"
"Pure Cotton Kuwaiti Cap","10022322721700","15004531261732","warehouse","2","Black","https://cdn.shopify.com/s/files/1/0852/8484/7908/files/Untitled-1-Recovered_c912b436-24a8-4433-ad1c-63e5f743641f.jpg?v=1717596709"
"Pure Cotton Kuwaiti Cap","10022322700200","15004531294500","warehouse","2","Offwhite","https://cdn.shopify.com/s/files/1/0852/8484/7908/files/2_2bd0c856-9edd-4273-bcd4-b1284cc97dd5.jpg?v=1713709476"
"Tulip Turkish Clips","0002-01-17","15004531360036","warehouse","1","Cashmere","https://cdn.shopify.com/s/files/1/0852/8484/7908/files/2_5d70b27c-ef10-430e-819c-bd4cd5179909.jpg?v=1717325960"
"Braided Cardigan","10090668702500","15004578545956","warehouse","1","MistyRose / Free size","https://cdn.shopify.com/s/files/1/0852/8484/7908/products/VostqzU7CmWOvjISOWFNPwAzDajLKWlOv2ooEMBU_cff1ff49-94ae-4998-9a15-72da2e182d5d.jpg?v=1706711857"
"Cotton Undershirt Round Neck","10033434300130","15004687696164","warehouse","1","Medium / White","https://cdn.shopify.com/s/files/1/0852/8484/7908/products/ybYllAMqKIxxV44KhyKuzxIQesAXwVUeZrolBh3L_9faff4dd-167b-4a5b-8fe8-9e4e4f115d4c.jpg?v=1706294244"
"Body Sleeveless Round Neck","10033434400130","15004687728932","warehouse","1","Medium / White","https://cdn.shopify.com/s/files/1/0852/8484/7908/products/zb8BQauCPFVCkxapeWvcNOD5nkr9mJ9NUrw79rTF_514d4fd0-357f-43b0-b1e2-0308c97df8aa.jpg?v=1706294182"
"Plain Cozzy Squared Scarf","10011130952214","15004736389412","warehouse","1","44","https://cdn.shopify.com/s/files/1/0852/8484/7908/products/bUqXZs2unVL0X70Tv3mm4ifrjVOrcYZkSAWXbe1P_04582b16-455f-4932-bb67-fecdfa9caa0d.jpg?v=1706296911"
"Ordinary Pin (Pack of 5)","80044340200001","15004736422180","warehouse","1","","https://cdn.shopify.com/s/files/1/0852/8484/7908/files/1_ba2825e6-5f66-4ee9-ade7-62b3c602bb44.jpg?v=1719502011"
"Girly Chiffon Square","10011120030012","15004736454948","warehouse","1","Vanilla","https://cdn.shopify.com/s/files/1/0852/8484/7908/products/OWo24FBfuWv38iamj3NaATNwNy8HwyeahZqgrD1S_3f2e1a26-95d5-47fb-9b02-c64ca15389c3.jpg?v=1706296400"
"Hijab Satin Scrunchie","83022020121740","15004736487716","warehouse","1","Free size / Black","https://cdn.shopify.com/s/files/1/0852/8484/7908/files/7_28193c81-e8ee-439a-9102-d2a9c1959f44.jpg?v=1719239902"
"Girly Chiffon Square","10011120030233","15004736520484","warehouse","1","Chocolate","https://cdn.shopify.com/s/files/1/0852/8484/7908/products/Few83Pb25PhxrU67c1KtqRKkmgt0ZyPeZlQ2OSAL_447900f5-df72-4c3b-8d5e-a5bb420484b6.jpg?v=1706296399"
"Plain Cozzy Squared Scarf","10011130952207","15004736553252","warehouse","1","36","https://cdn.shopify.com/s/files/1/0852/8484/7908/products/gkfbSnI0Snc7LD6NfgzAMJYj1CEP6Wv9i6rcrpnB_2c0ae503-3c85-4788-8acc-13ad975cb160.jpg?v=1706296911"
"Stripped Basic Shirt","43499464600140","15004974547236","warehouse","1","3 / L/XL","https://cdn.shopify.com/s/files/1/0852/8484/7908/files/2_a08bbb66-af57-412e-a027-236afe14cd89.jpg?v=1719415351"
"Portable Skirt","10088484142217","15005033660708","warehouse","1","Black / Free size","https://cdn.shopify.com/s/files/1/0852/8484/7908/products/5_107e2a63-29a7-423a-aa02-00fbda57a6c2.jpg?v=1709746348"
"Plain Cotton Lycra Scarf","10011030951178","15005173055780","warehouse","1","CarolinaBlue","https://cdn.shopify.com/s/files/1/0852/8484/7908/products/pYBV3Jre4bciCLWwQFXOifLPbrVAwS3w4yPHuF0O_e7186338-ffe3-4a9f-9293-3bf15e4792f3.jpg?v=1707320426"
"Cotton Kuwaiti Underscarf without Tie-Back","10022323712100","15005173088548","warehouse","1","LightGrey","https://cdn.shopify.com/s/files/1/0852/8484/7908/products/NFkyIZAEEtdaXmMtJSht8Ok5o82AWrRgQQUkHQ2A_f42eda36-ee82-4d4d-8c16-b5ef88238c88.jpg?v=1706295658"
"Cotton Kuwaiti Underscarf without Tie-Back","10022323701200","15005173121316","warehouse","1","Bisque","https://cdn.shopify.com/s/files/1/0852/8484/7908/files/PSJSOVp0B5yfQv3byr87xIp59Lxzvh0eVG1lpA4n.jpg?v=1713082312"
"Cotton Kuwaiti Underscarf without Tie-Back","10022323700100","15005173154084","warehouse","1","White","https://cdn.shopify.com/s/files/1/0852/8484/7908/products/SFnQyk5B0jX1uIblHyWSzZrh5PteEHcIRLC0SMl0_07e92941-8022-41d9-af75-0c076b34db85.jpg?v=1706295658"
"Cotton Kuwaiti Underscarf without Tie-Back","10022323714300","15005173186852","warehouse","1","Mint Green","https://cdn.shopify.com/s/files/1/0852/8484/7908/files/1_49b50aef-5035-4ad8-91c3-875b092c7d72.jpg?v=1713083055"
"Leopard Lycra Scarf","10011030803002","15005204873508","warehouse","1","Offwhite","https://cdn.shopify.com/s/files/1/0852/8484/7908/files/2_49715685-6330-41a1-882d-5faf56514662.jpg?v=1717399693"
"Pure Cotton Kuwaiti Cap","10022322721700","15005204906276","warehouse","1","Black","https://cdn.shopify.com/s/files/1/0852/8484/7908/files/Untitled-1-Recovered_c912b436-24a8-4433-ad1c-63e5f743641f.jpg?v=1717596709"
"No Thread Underscarf","10022323021700","15005204939044","warehouse","1","Black","https://cdn.shopify.com/s/files/1/0852/8484/7908/products/YIcoWTCLmZOiWSH1fwu5N9T4mka6p2NOXNDtCEey_74a9215c-625c-4bcf-8ad4-73ad9281b008.jpg?v=1714899365"
"Cotton Kuwaiti Underscarf without Tie-Back","10022323721700","15005282959652","warehouse","1","Black","https://cdn.shopify.com/s/files/1/0852/8484/7908/products/0E8RNq5Lwe6VpkzTyRogm1oakiJlpF6wsvANxZBD_d08052d5-7aef-4adb-86b5-75624d7c6911.jpg?v=1706295658"
"Cotton Kuwaiti with Tie-Back","10022323523100","15005282992420","warehouse","1","Cafe","https://cdn.shopify.com/s/files/1/0852/8484/7908/files/2_f39fd067-f067-414e-bc43-b2469c104b4d.jpg?v=1715681516"
"Cotton Kuwaiti Underscarf without Tie-Back","10022323712100","15005283025188","warehouse","1","LightGrey","https://cdn.shopify.com/s/files/1/0852/8484/7908/products/NFkyIZAEEtdaXmMtJSht8Ok5o82AWrRgQQUkHQ2A_f42eda36-ee82-4d4d-8c16-b5ef88238c88.jpg?v=1706295658"
"Cotton Kuwaiti Underscarf without Tie-Back","10022323722900","15005283057956","warehouse","1","GreyPink","https://cdn.shopify.com/s/files/1/0852/8484/7908/files/2_08b6f74d-ceff-408f-9868-d968dbfbfef5.jpg?v=1713083057"
"Stripped Basic Shirt","43499464600140","15005283090724","warehouse","1","3 / L/XL","https://cdn.shopify.com/s/files/1/0852/8484/7908/files/2_a08bbb66-af57-412e-a027-236afe14cd89.jpg?v=1719415351"
"High Low Shirt","57499767307500","15005283123492","warehouse","1","Lavender / Free size","https://cdn.shopify.com/s/files/1/0852/8484/7908/files/3_205e7f5c-ca10-495b-8437-60111ec85c7c.jpg?v=1716983567"
"Plain Viscose Isdal","57466016121700","15005288333604","warehouse","1","Black / Free size","https://cdn.shopify.com/s/files/1/0852/8484/7908/files/1_d572054d-05a2-4672-b956-89ca3cb926a9.jpg?v=1718105933"
"Vital Shirt","10099959900100","15005379363108","warehouse","1","White / S/M","https://cdn.shopify.com/s/files/1/0852/8484/7908/files/5_e284f09d-f739-45f6-9aa7-bb5e076d6a64.jpg?v=1719304806"
"Essential Shirt","57499353300200","15005379395876","warehouse","1","Offwhite / Free size","https://cdn.shopify.com/s/files/1/0852/8484/7908/files/6_617a0ab0-c2d7-440f-8ae1-5429aa4d63ac.jpg?v=1715284449"
"Hijab Satin Scrunchie","83022020121740","15005379428644","warehouse","1","Free size / Black","https://cdn.shopify.com/s/files/1/0852/8484/7908/files/7_28193c81-e8ee-439a-9102-d2a9c1959f44.jpg?v=1719239902"
"Yura Basic Dress","57499262116200","15005388833060","warehouse","1","Olive / Free size","https://cdn.shopify.com/s/files/1/0852/8484/7908/files/2_220b2fb6-0e40-482d-b959-c9693191afb7.jpg?v=1717081338"
"Haven Linen Scarf","10011030973217","15005401809188","warehouse","1","Black","https://cdn.shopify.com/s/files/1/0852/8484/7908/files/2_42b98ca4-465c-4a1f-9cf2-01d7ccfc2122.jpg?v=1713079105"
"Basic Modest Burkini","17499169421740","15005427597604","warehouse","1","L/XL","https://cdn.shopify.com/s/files/1/0852/8484/7908/files/6_05aac49f-9685-4b77-915f-216ac1a1df55.jpg?v=1718100523"
"Plain Viscose Isdal","57466016116600","15005462561060","warehouse","1","Olive / Free size","https://cdn.shopify.com/s/files/1/0852/8484/7908/files/4_388e5c76-b2f8-4631-9d82-f17e1a1fb64e.jpg?v=1718105953"
"Plain Viscose Isdal","57466016121700","15005462593828","warehouse","1","Black / Free size","https://cdn.shopify.com/s/files/1/0852/8484/7908/files/1_d572054d-05a2-4672-b956-89ca3cb926a9.jpg?v=1718105933"
"Mini Ribbed Linen Scarf","10011030964001","15005521248548","warehouse","1","White","https://cdn.shopify.com/s/files/1/0852/8484/7908/products/DXAv8VkhW3tJEStGyPJXcFiPYiBiPprHydYbZBQ7.jpg?v=1709406615"
"F Lycra Scarf","10011030806001","15005521281316","warehouse","1","White","https://cdn.shopify.com/s/files/1/0852/8484/7908/files/3_8e3ec66e-aedd-4f06-8adc-151f2af9627e.jpg?v=1712572966"
"Denim Puffy Chemise","57499363118300","15005521346852","warehouse","1","2 / Free size","https://cdn.shopify.com/s/files/1/0852/8484/7908/files/11_e5ba8f38-6eb1-4e91-9705-178129a26ec1.jpg?v=1718108577"
"Breathable Sleeveless Dress","18499262200240","15005521379620","warehouse","1","Offwhite / L/XL","https://cdn.shopify.com/s/files/1/0852/8484/7908/files/5_836e83bd-b0f5-4061-9c0f-a5b507d2053c.jpg?v=1717493312"
"Breathable Sleeveless Dress","18499262221740","15005521412388","warehouse","1","Black / L/XL","https://cdn.shopify.com/s/files/1/0852/8484/7908/files/3_300439ac-778a-4634-8090-a9df3178d601.jpg?v=1717493357"
"Marble Cotton Scarf","10011031113812","15005589569828","warehouse","1","","https://cdn.shopify.com/s/files/1/0852/8484/7908/files/4_6493efb9-7c15-4705-b8f1-2d88d3517125.jpg?v=1711872234"
"Everyday Linen Satin Scarf","10011030971029","15005589602596","warehouse","1","CrepePink","https://cdn.shopify.com/s/files/1/0852/8484/7908/files/11_693b3ba9-2986-4df7-8b15-463586918aa6.jpg?v=1718287605"
"Full Chemise Cotton Body","10033434000240","15005730504996","warehouse","1","Large / OffWhite","https://cdn.shopify.com/s/files/1/0852/8484/7908/files/3_ec844969-aa17-4d0a-9079-00b037acb65f.jpg?v=1716818697"
"Aura Dress","16499262321700","15005941039396","warehouse","1","Black / Free Size","https://cdn.shopify.com/s/files/1/0852/8484/7908/files/5_9f0250d2-6a2d-46d8-a74e-0adeb119a551.jpg?v=1719212018"
"Aura Dress","16499262323100","15005970923812","warehouse","1","Cafe / Free Size","https://cdn.shopify.com/s/files/1/0852/8484/7908/files/13_84cabe03-38b6-483b-90ce-d449b31e77f1.jpg?v=1719212023"
"Aura Dress","16499262316000","15006002381092","warehouse","1","LimeGreen / Free Size","https://cdn.shopify.com/s/files/1/0852/8484/7908/files/7_5652814d-3975-4e44-857e-7dc298f52d1c.jpg?v=1719212003"
"Cotton Crinkle Scarf","10011030959050","15006056087844","warehouse","1","Mocha","https://cdn.shopify.com/s/files/1/0852/8484/7908/files/4_55020a27-dbb9-4af6-b80f-cc89d2f68a2e.jpg?v=1713083675"
"Aura Dress","16499262323100","15006056120612","warehouse","1","Cafe / Free Size","https://cdn.shopify.com/s/files/1/0852/8484/7908/files/13_84cabe03-38b6-483b-90ce-d449b31e77f1.jpg?v=1719212023"
"Aura Dress","16499262323100","15006074503460","warehouse","1","Cafe / Free Size","https://cdn.shopify.com/s/files/1/0852/8484/7908/files/13_84cabe03-38b6-483b-90ce-d449b31e77f1.jpg?v=1719212023"
"Full Chemise Cotton Body","10033434000250","15006226022692","warehouse","1","XLarge / OffWhite","https://cdn.shopify.com/s/files/1/0852/8484/7908/files/3_ec844969-aa17-4d0a-9079-00b037acb65f.jpg?v=1716818697"
"Combo Modest Burkini","17499169862440","15006312268068","warehouse","1","L/XL","https://cdn.shopify.com/s/files/1/0852/8484/7908/files/3_0f8094a3-2572-44f7-b614-92d4724fa199.jpg?v=1717597367"
"Girly Chiffon Square","10011120030002","15006538727716","warehouse","2","OffWhite","https://cdn.shopify.com/s/files/1/0852/8484/7908/products/Gd3YbyYjSktjcCQufzsVH4NzjB2l0pVS75zXM2VE_1b965588-e0df-4a8b-bc83-29880b4defcd.jpg?v=1706296400"
"No Thread Underscarf","10022323012700","15006538793252","warehouse","3","ElephantGray","https://cdn.shopify.com/s/files/1/0852/8484/7908/products/d6Z2NkLkSmFQT0cP6MzyJfyLfPobi0Gp0aT26plZ_7f36207f-2ec7-4442-b0c4-bf3df0724047.jpg?v=1719499398"
"Normal Underscarf","10022424116600","15006538826020","warehouse","1","Dark Green","https://cdn.shopify.com/s/files/1/0852/8484/7908/files/3_9b08c20e-71b0-4601-8868-e09a590bb32c.jpg?v=1713779310"
"Normal Underscarf","10022424108200","15006538891556","warehouse","1","Red","https://cdn.shopify.com/s/files/1/0852/8484/7908/products/p1FJVSQXLBEX1ODeAW1lSwuX3X4ZBhkrY69gaYa7_d6daf0fa-6813-4c07-ab6b-07e3ca14eb90.jpg?v=1713092377"
"Seaside Half Burkini","10499169761350","15006582014244","warehouse","1","1 / XL","https://cdn.shopify.com/s/files/1/0852/8484/7908/files/2_f1157b19-f0b1-4147-bd92-46091b29d38e.jpg?v=1719416805"
"Basic Cover Up","21499160721700","15006582079780","warehouse","1","Black","https://cdn.shopify.com/s/files/1/0852/8484/7908/files/21499160721700.jpg?v=1717941847"
"No Thread Underscarf","10022323023100","15006657839396","warehouse","1","Cafe","https://cdn.shopify.com/s/files/1/0852/8484/7908/products/H5YVKA5DpfbES5mWTeGHFisYqAwlafsHOM8NQ7TX_5c64d80c-946e-42e9-95ab-b8b92fe0eb88.jpg?v=1719499398"
"Full Neck Underscarf","10022424312100","15006657937700","warehouse","1","Grey","https://cdn.shopify.com/s/files/1/0852/8484/7908/files/1_8e22260c-4f42-4070-a40c-6073ef4d6793.jpg?v=1713081894"
"Syrian Underscarf Close-End","10022121100100","15006815322404","warehouse","1","White","https://cdn.shopify.com/s/files/1/0852/8484/7908/products/SJHePdX7w1UmbfjHVYG1t7OMNBsspBmIOmkTfjHq_644900bb-af99-4c90-9e1d-2193ce95c8f3.jpg?v=1706295921"
"Hooded Oversized Shirt","10099393804604","15006824530212","warehouse","1","HotPink","https://cdn.shopify.com/s/files/1/0852/8484/7908/files/6_e26e4fae-1fe8-45fc-8bf7-778ccf54e18f.jpg?v=1712224233"
"Puffy Poplin Chemise","57499760116200","15006856544548","warehouse","1","LimeGreen / Free size","https://cdn.shopify.com/s/files/1/0852/8484/7908/files/6_8ed11504-0aec-45ba-8b0d-cca82c887682.jpg?v=1720084615"
"Luxury Linen Scarf","10411030981004","15007083790628","warehouse","1","LightGrey","https://cdn.shopify.com/s/files/1/0852/8484/7908/files/15_391f6f58-57f2-4cfb-9c2d-b660dc6beb84.jpg?v=1716393458"
"Breathable Sleeveless Dress","18499262200240","15007083823396","warehouse","1","Offwhite / L/XL","https://cdn.shopify.com/s/files/1/0852/8484/7908/files/5_836e83bd-b0f5-4061-9c0f-a5b507d2053c.jpg?v=1717493312"
"Breathable Sleeveless Dress","18499262221740","15007128256804","warehouse","1","Black / L/XL","https://cdn.shopify.com/s/files/1/0852/8484/7908/files/3_300439ac-778a-4634-8090-a9df3178d601.jpg?v=1717493357"
"No Thread Underscarf With Tie-Back","10022323121400","15007169708324","warehouse","1","Navy","https://cdn.shopify.com/s/files/1/0852/8484/7908/products/mspeYe1PZfK2Xj95Kl6Ks6DcCseneZglzhC9NSCP_4eea83ec-cfec-4140-a0db-3b26a07b4185.jpg?v=1706295767"
"Body Sleeveless Normal Neck","10033434500140","15007246057764","warehouse","1","Large / White","https://cdn.shopify.com/s/files/1/0852/8484/7908/products/Dhlo7VKNCLiSmhvK663RNU7SqFd7Cpe0XFGBUrMK_4f6bfc10-7e32-4cfc-b175-f2bcf6eb31a5.jpg?v=1706294189"
"Comfy Shirt","10099353600100","15007246123300","warehouse","1","White / Free Size","https://cdn.shopify.com/s/files/1/0852/8484/7908/files/14_088d62d4-207e-4497-8706-20ccf0fe47e5.jpg?v=1712332839"
"Breeze Loose Top","31499464801920","15007256740132","warehouse","1","Rose / S/M","https://cdn.shopify.com/s/files/1/0852/8484/7908/files/6_bc3f37a6-c4fb-42d1-9083-7731263828c9.jpg?v=1719410523"
"Jakkar Linen Scarf","10011030967096","15007356551460","warehouse","1","RosyBrown","https://cdn.shopify.com/s/files/1/0852/8484/7908/files/13_afac64d9-2b6b-47cf-99d1-307148acbe70.jpg?v=1713086547"
"Luxury Linen Scarf","10411030981113","15007356649764","warehouse","1","Cafe","https://cdn.shopify.com/s/files/1/0852/8484/7908/files/4_b33ffb6b-7b76-402f-b7a6-756bdd9a26bf.jpg?v=1716393472"
"Luxury Linen Scarf","10411030981127","15007356682532","warehouse","1","Silver","https://cdn.shopify.com/s/files/1/0852/8484/7908/files/16_9cc999f9-41cd-4d65-8e1d-7a61c8616018.jpg?v=1716393445"
"Everyday Linen Satin Scarf","10011030971093","15007401640228","warehouse","1","Brown","https://cdn.shopify.com/s/files/1/0852/8484/7908/files/14_0636189e-c618-48f3-b7b5-b065a1e05c5e.jpg?v=1718287616"
"Plain Viscose Isdal","57466016121700","15007408947492","warehouse","1","Black / Free size","https://cdn.shopify.com/s/files/1/0852/8484/7908/files/1_d572054d-05a2-4672-b956-89ca3cb926a9.jpg?v=1718105933"
"Aura Dress","16499262323100","15007516033316","warehouse","1","Cafe / Free Size","https://cdn.shopify.com/s/files/1/0852/8484/7908/files/13_84cabe03-38b6-483b-90ce-d449b31e77f1.jpg?v=1719212023"
"Aura Dress","16499262316000","15007516066084","warehouse","1","LimeGreen / Free Size","https://cdn.shopify.com/s/files/1/0852/8484/7908/files/7_5652814d-3975-4e44-857e-7dc298f52d1c.jpg?v=1719212003"
"Yura Basic Dress","57499262120900","15007630721316","warehouse","1","Blue / Free size","https://cdn.shopify.com/s/files/1/0852/8484/7908/files/8_1f9af2dd-a0c5-4351-ba85-025f0914be66.jpg?v=1717081365"
"Ribbed Turban","57422525100100","15007630754084","warehouse","1","White","https://cdn.shopify.com/s/files/1/0852/8484/7908/files/1_6f9000e2-9698-4a84-94d7-8dce8fcbfa98.jpg?v=1720619033"
"Swim/Sports Hijab","10022424521700","15007637569828","warehouse","1","","https://cdn.shopify.com/s/files/1/0852/8484/7908/files/pbgAlZCRT1i6gw9p42sjmL5T7tUoqWBhdKmKnwjG.jpg?v=1711196519"
"Girly Chiffon Square","10011120030233","15007637635364","warehouse","1","Chocolate","https://cdn.shopify.com/s/files/1/0852/8484/7908/products/Few83Pb25PhxrU67c1KtqRKkmgt0ZyPeZlQ2OSAL_447900f5-df72-4c3b-8d5e-a5bb420484b6.jpg?v=1706296399"
"Plain Cozzy Squared Scarf","10011130952031","15007637668132","warehouse","1","43","https://cdn.shopify.com/s/files/1/0852/8484/7908/products/aaEKfIFMeibNPx72xkWY5jkbxUGLtV82aUGbqNcO_c4d05548-8644-4c08-af23-62d04c5d5d2c.jpg?v=1706296911"
"Leopard Viscose Isdal","10066060136583","15007701205284","warehouse","1","2 / Free size","https://cdn.shopify.com/s/files/1/0852/8484/7908/files/7_121b31a5-ea7b-4fe5-a332-aceff92b26a5.jpg?v=1719479967"
"Marble Cotton Scarf","60011011736013","15007718408484","warehouse","1","8","https://cdn.shopify.com/s/files/1/0852/8484/7908/files/cTphpdRkf8etPrnEWdDIiRjSJv9h6IhyCQ5iKYFS.jpg?v=1707231419"
"Aurora Cotton Scarf","60011011736006","15007718441252","warehouse","1","6","https://cdn.shopify.com/s/files/1/0852/8484/7908/products/pG3b6I86QEaTnATUmDCaut1svH3bvWBw79K1AlM5_ea13a197-0d3e-43ce-9b3c-ebe2f59bf486.jpg?v=1706296206"
"Fringy Shirt","57499464120700","15007736529188","warehouse","1","Blue / Free size","https://cdn.shopify.com/s/files/1/0852/8484/7908/files/10_96e00f4e-90b8-480d-92b1-72d9a81f6e1c.jpg?v=1717946573"
"Basic Modest Burkini","17499169421740","15007740723492","warehouse","1","L/XL","https://cdn.shopify.com/s/files/1/0852/8484/7908/files/6_05aac49f-9685-4b77-915f-216ac1a1df55.jpg?v=1718100523"
"Plain Cozzy Squared Scarf","10011130952002","15007740756260","warehouse","1","11","https://cdn.shopify.com/s/files/1/0852/8484/7908/products/g75cGOyOdhIDM2AOlMs0dHFARTdVsB8ifcWnnnbM_4823556a-9c13-4baa-a810-2ff925552101.jpg?v=1706296910"
"Girly Chiffon Square","10011120030002","15007740789028","warehouse","1","OffWhite","https://cdn.shopify.com/s/files/1/0852/8484/7908/products/Gd3YbyYjSktjcCQufzsVH4NzjB2l0pVS75zXM2VE_1b965588-e0df-4a8b-bc83-29880b4defcd.jpg?v=1706296400"
"Aura Dress","16499262323100","15007755239716","warehouse","1","Cafe / Free Size","https://cdn.shopify.com/s/files/1/0852/8484/7908/files/13_84cabe03-38b6-483b-90ce-d449b31e77f1.jpg?v=1719212023"
"No Thread Underscarf","10022323000300","15007940051236","warehouse","1","Bisque","https://cdn.shopify.com/s/files/1/0852/8484/7908/files/resize_4232d45d-1f67-4203-9360-c470e9a91189.jpg?v=1719499182"
"No Thread Underscarf","10022323012200","15007940084004","warehouse","1","AntiqueWhite","https://cdn.shopify.com/s/files/1/0852/8484/7908/files/1_6c387578-698e-4287-b3f2-f906bfa8261d.jpg?v=1712654486"
"Easy Go Shirt","10099494315700","15008076890404","warehouse","1","LightBeige / Free size","https://cdn.shopify.com/s/files/1/0852/8484/7908/files/6_fe068701-0cea-4db2-83af-06e4d6ecc0f3.jpg?v=1715289609"
"No Thread Underscarf With Tie-Back","10022323121400","15008250069284","warehouse","1","Navy","https://cdn.shopify.com/s/files/1/0852/8484/7908/products/mspeYe1PZfK2Xj95Kl6Ks6DcCseneZglzhC9NSCP_4eea83ec-cfec-4140-a0db-3b26a07b4185.jpg?v=1706295767"
"Plain Pure Scarf (Big Size)","10011020023085","15008418562340","warehouse","1","Yellow","https://cdn.shopify.com/s/files/1/0852/8484/7908/files/10011020023085.jpg?v=1719321192"
"Plain Pure Scarf (Small Size)","10011020022087","15008418660644","warehouse","1","Mustard","https://cdn.shopify.com/s/files/1/0852/8484/7908/files/10011020022087.jpg?v=1716467067"
"Plain Cotton Lycra Scarf","10011030951001","15008538493220","warehouse","1","White","https://cdn.shopify.com/s/files/1/0852/8484/7908/products/od9T1lA10vh7Hlvn5piKJ70eTqR3WjCXG50UOBCf_6330b45e-0495-44fe-a9b1-eb2309cf6e16.jpg?v=1707320422"
"Syrian Underscarf Close-End","10022121100100","15008538591524","warehouse","1","White","https://cdn.shopify.com/s/files/1/0852/8484/7908/products/SJHePdX7w1UmbfjHVYG1t7OMNBsspBmIOmkTfjHq_644900bb-af99-4c90-9e1d-2193ce95c8f3.jpg?v=1706295921"
"Syrian Underscarf Close-End","10022121121700","15008538624292","warehouse","1","Black","https://cdn.shopify.com/s/files/1/0852/8484/7908/products/Kt5wJA6QR17MK8Dsh2jLeMIOk81IJLMJU9BxV97v_bcccba85-fb54-423e-911d-a2f96621d328.jpg?v=1707563719"
"Cover Up Beach","10099090033002","15008538657060","warehouse","1","Free size / 12","https://cdn.shopify.com/s/files/1/0852/8484/7908/files/12_4d664dc1-eff8-413d-b72e-80e4ab6775bf.jpg?v=1718196181"
"Black Waist Cover Up","57499160621700","15008538722596","warehouse","1","Free size","https://cdn.shopify.com/s/files/1/0852/8484/7908/files/2_011e0c35-7461-49b5-baef-d2f510709e4c.jpg?v=1719503134"
"Basic Lycra Scarf","10011030975003","15008590397732","warehouse","1","TanBeige","https://cdn.shopify.com/s/files/1/0852/8484/7908/files/5_c4d8a1d0-033d-4f76-88d7-d214f61685ca.jpg?v=1719405067"
"Basic Lycra Scarf","10011030975272","15008590430500","warehouse","1","LightBeige","https://cdn.shopify.com/s/files/1/0852/8484/7908/files/17_bd9497a1-19f2-475d-84ad-73beb3618a99.jpg?v=1713106244"
"Basic Lycra Scarf","10011030975129","15008590463268","warehouse","1","LightSteelBlue","https://cdn.shopify.com/s/files/1/0852/8484/7908/files/20_6fe31c8a-ab94-4847-91d4-61a39998ea8d.jpg?v=1713106245"
"Swim/Sports Hijab","10022424521700","15008590496036","warehouse","1","","https://cdn.shopify.com/s/files/1/0852/8484/7908/files/pbgAlZCRT1i6gw9p42sjmL5T7tUoqWBhdKmKnwjG.jpg?v=1711196519"
"No Thread Underscarf","10022323012200","15008590528804","warehouse","1","AntiqueWhite","https://cdn.shopify.com/s/files/1/0852/8484/7908/files/1_6c387578-698e-4287-b3f2-f906bfa8261d.jpg?v=1712654486"
"No Thread Underscarf","10022323024400","15008590561572","warehouse","1","LightBeige","https://cdn.shopify.com/s/files/1/0852/8484/7908/files/2_c5b29288-9e97-43b9-8a67-ad3ba3351c7b.jpg?v=1713096388"
"Letters Printed Modest Burkini","17499160862620","15008590594340","warehouse","1","S/M","https://cdn.shopify.com/s/files/1/0852/8484/7908/files/7_9327674f-796a-40cb-b25e-6a28fc809c02.jpg?v=1718290821"
"Cotton Undershirt Round Neck","10033434300240","15008590627108","warehouse","1","Large / OffWhite","https://cdn.shopify.com/s/files/1/0852/8484/7908/products/ZVcI19tNBW46jcUFFViH98TTxl7jvIrMR7mcaE99_8c2f5d8b-3f37-4f61-ba86-a0eab4515e4b.jpg?v=1706294244"
"Must-Have Cotton Scarf","10011013584257","15008590659876","warehouse","1","PinkHaze","https://cdn.shopify.com/s/files/1/0852/8484/7908/files/2_d6d04a84-8cfd-4a8f-913a-f879f479ce78.jpg?v=1715093515"
"Embroidered Denim Jacket","43090960618303","15008590692644","warehouse","1","1 / Free size","https://cdn.shopify.com/s/files/1/0852/8484/7908/files/8_c1f8e172-91e5-4f7c-aae9-b77f7d961756.jpg?v=1717076413"
"Ruffles Shirt","57499767116200","15008590725412","warehouse","1","LimeGreen / Free size","https://cdn.shopify.com/s/files/1/0852/8484/7908/files/5_d0712461-79f2-4aa8-8b94-63132b3efe94.jpg?v=1715155394"
"Middle Pocket Shirt","57499464020700","15008590758180","warehouse","1","Blue / Free size","https://cdn.shopify.com/s/files/1/0852/8484/7908/files/10_0700a6a7-d355-47cc-b7df-d2ad7f4324e8.jpg?v=1717949134"
"Plain Pure Scarf (Small Size)","10011020022121","15008640827684","warehouse","1","LightGrey","https://cdn.shopify.com/s/files/1/0852/8484/7908/files/13_90da48fd-0135-4881-beb9-4f703c59ac0c.jpg?v=1719400660"
"Plain Pure Scarf (Small Size)","10011020022012","15008640860452","warehouse","1","LinenBeige","https://cdn.shopify.com/s/files/1/0852/8484/7908/files/14_403b48a0-9140-4575-a14b-444014a59d9a.jpg?v=1719400690"
"Plain Pure Scarf (Small Size)","10011020022153","15008640893220","warehouse","1","DarkGreen","https://cdn.shopify.com/s/files/1/0852/8484/7908/files/7_6b9a176d-c35e-4932-94f0-51c5c71c9763.jpg?v=1719400769"
"Long Sleeves Vest","10033333121700","15008640925988","warehouse","1","Free size / Black","https://cdn.shopify.com/s/files/1/0852/8484/7908/products/3C6Cj33SIYF36hum7johZlyHwCZvEZH760uOabUF_0ccd3eee-55a6-499e-920a-0577048fb9a6.jpg?v=1706294218"
"Long Sleeves Vest","10033333100100","15008640958756","warehouse","1","Free size / White","https://cdn.shopify.com/s/files/1/0852/8484/7908/products/fqwZ1CP1DyDjExuh1e03FqSkeHJSDrC4NYwHv8Zc_01eee973-b0ff-4f77-b918-b9d0e7770400.jpg?v=1706294218"
"Freedom Shirt","57499454106140","15008710689060","warehouse","1","Orange / L/XL","https://cdn.shopify.com/s/files/1/0852/8484/7908/files/1_e43cd31a-09ae-4faf-a623-d242892978e6.jpg?v=1716480309"
"Freedom Shirt","57499454112440","15008710721828","warehouse","1","BoneBeige / L/XL","https://cdn.shopify.com/s/files/1/0852/8484/7908/files/11_132194fa-3bdb-4dd2-a214-a81b205e310b.jpg?v=1716480302"
"Everyday Linen Satin Scarf","10011030971011","15008725369124","warehouse","1","Caramel","https://cdn.shopify.com/s/files/1/0852/8484/7908/files/8_bea31b2a-c07c-4f99-8cac-7b605de98fc2.jpg?v=1718287505"
"Everyday Linen Satin Scarf","10011013586013","15008725401892","warehouse","1","BoneBeige","https://cdn.shopify.com/s/files/1/0852/8484/7908/files/1_178a7f60-2d21-4eed-b1ae-01f7a6f9db70.jpg?v=1718287545"
"Puffy Poplin Chemise","57499760108500","15008745324836","warehouse","1","Yellow / Free size","https://cdn.shopify.com/s/files/1/0852/8484/7908/files/5_6b1c1491-f8fa-4573-a8b8-0da4dd7096f9.jpg?v=1720084581"
"Full Chemise Cotton Body","10033434000240","15008792445220","warehouse","1","Large / OffWhite","https://cdn.shopify.com/s/files/1/0852/8484/7908/files/3_ec844969-aa17-4d0a-9079-00b037acb65f.jpg?v=1716818697"
"Aura Dress","16499262323100","15008792477988","warehouse","1","Cafe / Free Size","https://cdn.shopify.com/s/files/1/0852/8484/7908/files/13_84cabe03-38b6-483b-90ce-d449b31e77f1.jpg?v=1719212023"
"Zipper Modest Burkini","17499169921720","15008861847844","warehouse","1","S/M","https://cdn.shopify.com/s/files/1/0852/8484/7908/files/4_067d46ee-1810-47fc-84b8-c2f15af828c1.jpg?v=1717763801"
"Swim/Sports Hijab","10022424521700","15008931086628","warehouse","1","","https://cdn.shopify.com/s/files/1/0852/8484/7908/files/pbgAlZCRT1i6gw9p42sjmL5T7tUoqWBhdKmKnwjG.jpg?v=1711196519"
"Deftness Chiffon Scarf","10011020039217","15008938524964","warehouse","1","Black","https://cdn.shopify.com/s/files/1/0852/8484/7908/files/4_d5cc80a0-1458-498a-902e-581ffbb09f7a.jpg?v=1714218634"
"Crinkle Chiffon Scarf","10011020026217","15008938557732","warehouse","1","Black","https://cdn.shopify.com/s/files/1/0852/8484/7908/products/2S7ZouxPpvTarPsQCeOYfMWZ8y3Tuk0sqHSXjB5O_920d5917-cf26-4428-9fc5-cdf7dc1ceac7.jpg?v=1706297526"
"Dots Crinkle Chiffon Scarf","10011020031217","15008938590500","warehouse","1","Black","https://cdn.shopify.com/s/files/1/0852/8484/7908/products/BrQNdYbdYxB0HzIN2FaACoT8l6iBJvBCyFM1cW0o_db194da6-73c4-4a1d-8595-bace0eda9ea2.jpg?v=1706297549"
"Tulip Turkish Clips","0002-01-17","15009624883492","warehouse","1","Cashmere","https://cdn.shopify.com/s/files/1/0852/8484/7908/files/2_5d70b27c-ef10-430e-819c-bd4cd5179909.jpg?v=1717325960"
"Mini Lines Glittery Satin Chiffon","10011020035217","15009624949028","warehouse","1","Black","https://cdn.shopify.com/s/files/1/0852/8484/7908/files/2_7c1345b5-709d-44c9-8ba7-d4d9b350d005.jpg?v=1718198655"
"Tulip Turkish Clips","0002-01-17","15012181639460","warehouse","1","Cashmere","https://cdn.shopify.com/s/files/1/0852/8484/7908/files/2_5d70b27c-ef10-430e-819c-bd4cd5179909.jpg?v=1717325960"
"Matte Magnet Pin","1001-17","15012181672228","warehouse","1","9","https://cdn.shopify.com/s/files/1/0852/8484/7908/files/9_74e5718e-ad62-4022-8bab-d2e9103c3b66.jpg?v=1716890616"
"Matte Magnet Pin","1001-18","15012181704996","warehouse","1","10","https://cdn.shopify.com/s/files/1/0852/8484/7908/files/10_f2beb9b4-3a38-4642-a553-1d7dedf5f7c5.jpg?v=1716890614"
"Portable Mat","10488484144217","15012181803300","warehouse","1","Black","https://cdn.shopify.com/s/files/1/0852/8484/7908/files/WZCntYpEyJc1Zih4Keyx7XW9Tl3aAaKhBU2EiplC_2c5a0ba5-6e14-44ff-9ae0-f301a72d24bb.jpg?v=1711881026"
"Dress Extension","10055350621700","15012181868836","warehouse","1","Free size / Black","https://cdn.shopify.com/s/files/1/0852/8484/7908/products/WnQg4zbZvSxZdXDcGFndpTKlHPy61v1ScOkslyqp_e3ee87ae-05a9-40a7-9dbb-783304da99fc.jpg?v=1706293552"
"Cotton Crinkle Scarf","10011030959010","15012386865444","warehouse","1","BurlyWood","https://cdn.shopify.com/s/files/1/0852/8484/7908/files/2_7e612424-060b-4117-9b1f-fec713edefab.jpg?v=1714214370"
"Everyday Linen Pants","14499555425820","15012386963748","warehouse","1","Beige / S/M","https://cdn.shopify.com/s/files/1/0852/8484/7908/files/1_eb9d510f-cb32-485c-8273-d6be12daeb8b.jpg?v=1717074376"
"No Thread Underscarf With Tie-Back","10022323508200","15012441063716","warehouse","1","DarkRed","https://cdn.shopify.com/s/files/1/0852/8484/7908/files/eZ2X9TmEzSTwXhWJdOZ5Ec8SJa2TXyAziTRYTh5Y.jpg?v=1713098590"
"Must-Have Cotton Scarf","10011013584071","15012441096484","warehouse","1","Marron","https://cdn.shopify.com/s/files/1/0852/8484/7908/files/1_ada6b450-ae2a-432d-bf03-20994199d331.jpg?v=1715685345"
"Full Chemise Pleated Collar","10033535321760","15012664312100","warehouse","1","2XL / Black","https://cdn.shopify.com/s/files/1/0852/8484/7908/files/1_0fe1ac73-3373-4d24-a19a-479fd9a09ad0.jpg?v=1716822210"
"Fringy Shirt","57499464115900","15012664344868","warehouse","1","MintGreen / Free size","https://cdn.shopify.com/s/files/1/0852/8484/7908/files/8_390ca097-472a-452c-a370-0e17bf5a55ee.jpg?v=1717946569"
"Swim/Sports Hijab","10022424521700","15012677091620","warehouse","1","","https://cdn.shopify.com/s/files/1/0852/8484/7908/files/pbgAlZCRT1i6gw9p42sjmL5T7tUoqWBhdKmKnwjG.jpg?v=1711196519"
"Cotton Kuwaiti with Tie-Back","10022323521700","15012722966820","warehouse","1","Black","https://cdn.shopify.com/s/files/1/0852/8484/7908/products/TfyyThHklzuHGMQP1TPQcBXdn0XlLWcIpU88YiLA_04204435-78ed-44e8-9efe-6beabedf7181.jpg?v=1706295785"
"Pure Cotton Kuwaiti Cap With Tie Back","10022322500200","15012723032356","warehouse","1","Offwhite","https://cdn.shopify.com/s/files/1/0852/8484/7908/files/1_5c3719c5-ca97-433c-b355-11e9cba7e002.jpg?v=1713709918"
"Ruffles Shirt","57499767121700","15012738171172","warehouse","1","Black / Free size","https://cdn.shopify.com/s/files/1/0852/8484/7908/files/1_e96da6b2-b6cf-4fdb-b066-53c40a4aff30.jpg?v=1715155389"
"Cotton Crinkle Modal","10011030959030","15012890640676","warehouse","1","LightCashmere","https://cdn.shopify.com/s/files/1/0852/8484/7908/files/7_fb1de133-e2e4-44f5-ac48-8a1a5b8a5339.jpg?v=1716216026"
"Modal Cotton Scarf","10011030957002","15012890673444","warehouse","1","OffWhite","https://cdn.shopify.com/s/files/1/0852/8484/7908/products/8FAb2yqWO6Y7BCqHeJ8ohhwsbX1HeZdLeGPlqAKb_078dbb9b-92b7-4dcb-a114-27728abf9081.jpg?v=1706297481"
"Modal Cotton Scarf","10011030957217","15012890706212","warehouse","1","Black","https://cdn.shopify.com/s/files/1/0852/8484/7908/products/4n6mCLiNRnBimGA1ljuLDUEwuPP9249CQr7zzT4V_b0ba194f-9f8a-46ed-9044-19ba7575be70.jpg?v=1706297480"
"Modal Cotton Scarf","10011030957125","15012890738980","warehouse","1","Grey","https://cdn.shopify.com/s/files/1/0852/8484/7908/products/pOofaDWSUHMylW0xoOViZzG6F4QwohXqReX1fwlA_aecd8ca8-f3b5-4d23-891f-ef7f4e2379d7.jpg?v=1706297480"
"Aura Dress","16499262316000","15013050089764","warehouse","1","LimeGreen / Free Size","https://cdn.shopify.com/s/files/1/0852/8484/7908/files/7_5652814d-3975-4e44-857e-7dc298f52d1c.jpg?v=1719212003"
"Dress Extension","10055350600100","15013102453028","warehouse","1","Free size / White","https://cdn.shopify.com/s/files/1/0852/8484/7908/products/Y5lwFS9KgeV6H5sIpHmj6lr1v2ShDsuhhGgIZKnn_3ef30282-b43b-48b5-abc9-f2ba33243538.jpg?v=1706293552"
"Lined Buttoned Skirt","10055151000200","15013102485796","warehouse","1","Free size / OffWhite","https://cdn.shopify.com/s/files/1/0852/8484/7908/products/JG3N12YWc0hbujH6NxW4Xzvi8Ab2RmeOdYe29eDB_49ed1458-f1b9-4437-9477-e6a46a6c6b84.jpg?v=1707222081"
"No Thread Underscarf","10022323012200","15013118247204","warehouse","1","AntiqueWhite","https://cdn.shopify.com/s/files/1/0852/8484/7908/files/1_6c387578-698e-4287-b3f2-f906bfa8261d.jpg?v=1712654486"
"Aura Dress","16499262323100","15013457199396","warehouse","1","Cafe / Free Size","https://cdn.shopify.com/s/files/1/0852/8484/7908/files/13_84cabe03-38b6-483b-90ce-d449b31e77f1.jpg?v=1719212023"
"Aura Dress","16499262323100","15013481644324","warehouse","1","Cafe / Free Size","https://cdn.shopify.com/s/files/1/0852/8484/7908/files/13_84cabe03-38b6-483b-90ce-d449b31e77f1.jpg?v=1719212023"
"Wrap Linen Set","57499868616300","15013898551588","warehouse","1","LimeGreen","https://cdn.shopify.com/s/files/1/0852/8484/7908/files/57499868616300.jpg?v=1720442216"
"Combo Modest Burkini","17499169862420","15013936791844","warehouse","1","S/M","https://cdn.shopify.com/s/files/1/0852/8484/7908/files/3_0f8094a3-2572-44f7-b614-92d4724fa199.jpg?v=1717597367"
"Denim Puffy Chemise","57499363118300","15013944754468","warehouse","1","2 / Free size","https://cdn.shopify.com/s/files/1/0852/8484/7908/files/11_e5ba8f38-6eb1-4e91-9705-178129a26ec1.jpg?v=1718108577"
"Printed Chiffon Kimono","21499666860400","15014122815780","warehouse","1","5 / Free size","https://cdn.shopify.com/s/files/1/0852/8484/7908/files/21499666860400.jpg?v=1719497700"
"Modal Cotton Scarf","10011030957217","15014475104548","warehouse","1","Black","https://cdn.shopify.com/s/files/1/0852/8484/7908/products/4n6mCLiNRnBimGA1ljuLDUEwuPP9249CQr7zzT4V_b0ba194f-9f8a-46ed-9044-19ba7575be70.jpg?v=1706297480"
"Body Sleeveless Normal Neck","10033434521740","15014553354532","warehouse","2","Large / Black","https://cdn.shopify.com/s/files/1/0852/8484/7908/products/Nx8xoCSzXVVHRymKZr0KyBrsqgaqXiQv1clfty0z_248b5035-68b5-4f59-9d24-437375d5f2a1.jpg?v=1706294189"
"Everyday Linen Satin Scarf","10011030971082","15014667092260","warehouse","1","CherryRed","https://cdn.shopify.com/s/files/1/0852/8484/7908/files/13_d8cbc98b-cf65-4073-8968-26b95821e7c5.jpg?v=1718287606"
"Everyday Linen Satin Scarf","10011030971002","15014667125028","warehouse","1","Offwhite","https://cdn.shopify.com/s/files/1/0852/8484/7908/files/5_044f5201-a7c0-4ea5-a10c-8ee5b55ddf7b.jpg?v=1718287489"
"Everyday Linen Satin Scarf","10011030971001","15014667157796","warehouse","1","White","https://cdn.shopify.com/s/files/1/0852/8484/7908/files/4_8dadb14b-7865-4f48-9211-dcdb1f4c6081.jpg?v=1718287564"
"Cotton Crinkle Scarf","10011030959014","15015037206820","warehouse","1","BuffBeige","https://cdn.shopify.com/s/files/1/0852/8484/7908/products/tlQ3xxlrnMH9l04Zd1wCIQ8sxpCVPpsgN32E9RwN_9a89bbab-80ef-47fc-a69f-0d172af23fed.jpg?v=1706716268"
"Modal Cotton Scarf","10011030957205","15015263011108","warehouse","1","DenimBlue","https://cdn.shopify.com/s/files/1/0852/8484/7908/files/4.png?v=1715699857"
"Modal Cotton Scarf","10011030957177","15015263043876","warehouse","1","BabyBlue","https://cdn.shopify.com/s/files/1/0852/8484/7908/files/3.png?v=1715699856"
"Modal Cotton Scarf","10011030957002","15015263076644","warehouse","1","OffWhite","https://cdn.shopify.com/s/files/1/0852/8484/7908/products/8FAb2yqWO6Y7BCqHeJ8ohhwsbX1HeZdLeGPlqAKb_078dbb9b-92b7-4dcb-a114-27728abf9081.jpg?v=1706297481"
"Modal Cotton Scarf","10011030957004","15015263109412","warehouse","1","LightGrey","https://cdn.shopify.com/s/files/1/0852/8484/7908/products/z6ydevvjjEvlSt7lp23u69FlBU52xvBlm5wR46UT_1964b7a9-fa79-4676-9c4e-5cea9a150d40.jpg?v=1706297480"
"Modal Cotton Scarf","10011030957003","15015263142180","warehouse","1","BlanchedAlmond","https://cdn.shopify.com/s/files/1/0852/8484/7908/products/9E0Qh3jWg9ShKwSSdk44qrB1AE7SDg9OI4y2wGVQ_fb01cef5-a174-4f46-92c4-50f897e69af7.jpg?v=1706297480"
"Modal Cotton Scarf","10011030957217","15015263174948","warehouse","1","Black","https://cdn.shopify.com/s/files/1/0852/8484/7908/products/4n6mCLiNRnBimGA1ljuLDUEwuPP9249CQr7zzT4V_b0ba194f-9f8a-46ed-9044-19ba7575be70.jpg?v=1706297480"
"Black Waist Cover Up","57499160621700","14982057034020","warehouse","1","Free size","https://cdn.shopify.com/s/files/1/0852/8484/7908/files/2_011e0c35-7461-49b5-baef-d2f510709e4c.jpg?v=1719503134"
"Zipper Modest Burkini","17499169921720","14982057099556","warehouse","1","S/M","https://cdn.shopify.com/s/files/1/0852/8484/7908/files/4_067d46ee-1810-47fc-84b8-c2f15af828c1.jpg?v=1717763801"
"Palestine Scarf","10011131001005","15016606761252","warehouse","1","","https://cdn.shopify.com/s/files/1/0852/8484/7908/files/95xArB09a7k2HtLN6qcM8W70SgYCdUzM3AtYR4dH.jpg?v=1709812987"
"Cotton Kuwaiti Underscarf without Tie-Back","10022323722900","15016607056164","warehouse","1","GreyPink","https://cdn.shopify.com/s/files/1/0852/8484/7908/files/2_08b6f74d-ceff-408f-9868-d968dbfbfef5.jpg?v=1713083057"
"Aura Dress","16499262321700","15016607449380","warehouse","1","Black / Free Size","https://cdn.shopify.com/s/files/1/0852/8484/7908/files/5_9f0250d2-6a2d-46d8-a74e-0adeb119a551.jpg?v=1719212018"
"Luxury Linen Scarf","10411030981127","15016604500260","warehouse","1","Silver","https://cdn.shopify.com/s/files/1/0852/8484/7908/files/16_9cc999f9-41cd-4d65-8e1d-7a61c8616018.jpg?v=1716393445"
"Black Waist Cover Up","57499160621700","15006642307364","warehouse","1","Free size","https://cdn.shopify.com/s/files/1/0852/8484/7908/files/2_011e0c35-7461-49b5-baef-d2f510709e4c.jpg?v=1719503134"
"Basic Clips Underscarf","10022424021400","15012645339428","warehouse","1","Navy","https://cdn.shopify.com/s/files/1/0852/8484/7908/products/rcJG2F8bU1KoVnK9CWsmej5zItBrZlzCt06WQ5xY_a715ba27-e700-459d-859a-c83aea88ef1c.jpg?v=1706709548"
"Pure Cotton Kuwaiti Cap","10022322721700","15012645404964","warehouse","1","Black","https://cdn.shopify.com/s/files/1/0852/8484/7908/files/Untitled-1-Recovered_c912b436-24a8-4433-ad1c-63e5f743641f.jpg?v=1717596709"
"Pure Cotton Kuwaiti Cap","10022322700200","15012645437732","warehouse","1","Offwhite","https://cdn.shopify.com/s/files/1/0852/8484/7908/files/2_2bd0c856-9edd-4273-bcd4-b1284cc97dd5.jpg?v=1713709476"
"Pure Cotton Kuwaiti Cap With Tie Back","10022322500200","15012645470500","warehouse","1","Offwhite","https://cdn.shopify.com/s/files/1/0852/8484/7908/files/1_5c3719c5-ca97-433c-b355-11e9cba7e002.jpg?v=1713709918"
"Swim/Sports Hijab","10022424521700","15012645503268","warehouse","1","","https://cdn.shopify.com/s/files/1/0852/8484/7908/files/pbgAlZCRT1i6gw9p42sjmL5T7tUoqWBhdKmKnwjG.jpg?v=1711196519"
"Kuwaiti Clips Cap","10022424441002","15012645536036","warehouse","1","","https://cdn.shopify.com/s/files/1/0852/8484/7908/files/2_f0ebe1b4-d971-4cbd-85b6-0a22ded3a8ee.jpg?v=1712568626"
"Basic Clips Underscarf","10022424000200","15012645568804","warehouse","1","OffWhite","https://cdn.shopify.com/s/files/1/0852/8484/7908/products/VHBFvGxzO8id0CKGcvKwhR5OWEvtzQ4O7gbc2JT1_619f92bb-3b56-49ce-9c80-05c1fae9ab2d.jpg?v=1706709548"
"Plain Silk Scarf","10011040096022","15012645601572","warehouse","1","DustyRose","https://cdn.shopify.com/s/files/1/0852/8484/7908/files/3_9d0be467-b974-40da-ab40-d1aaee662825.jpg?v=1719657568"
"Plain Silk Scarf","10011040096020","15012645634340","warehouse","1","LightSalmon","https://cdn.shopify.com/s/files/1/0852/8484/7908/files/6_6ab3407c-f432-4556-8398-ab3e6b26b536.jpg?v=1719657569"
"Glamourous Silk Scarf","10011041031161","15012645667108","warehouse","1","10","https://cdn.shopify.com/s/files/1/0852/8484/7908/files/10_d99d0562-4cde-4b27-a778-21c837a1988b.jpg?v=1712409786"
"Glamourous Silk Scarf","10011041031159","15012645699876","warehouse","1","8","https://cdn.shopify.com/s/files/1/0852/8484/7908/files/8_9d212ec7-6636-4a43-abdb-b7b1764ba530.jpg?v=1712409786"
"Glamourous Silk Scarf","10011041031152","15012645732644","warehouse","1","3","https://cdn.shopify.com/s/files/1/0852/8484/7908/files/3_a2732488-8524-44c4-8566-46628d988e54.jpg?v=1712409775"
"Leaves Chiffon Scarf","10411001013445","15012645765412","warehouse","1","","https://cdn.shopify.com/s/files/1/0852/8484/7908/files/46_438e3cb8-a06d-40e6-8bfb-7ab41d460b46.jpg?v=1720535821"
"Flory Chiffon Scarf","10011001015700","15012645798180","warehouse","1","1","https://cdn.shopify.com/s/files/1/0852/8484/7908/files/1_bcde8487-639d-4f3e-8114-ef4a0b3f616e.png?v=1715783858"
"Flowers Chiffon Scarf","10411001013401","15012645830948","warehouse","1","","https://cdn.shopify.com/s/files/1/0852/8484/7908/files/43_3d3abfe6-3702-4fa4-86a5-550428767199.jpg?v=1720608994"
"Dreams Chiffon Scarf","10011001014860","15012645863716","warehouse","1","1","https://cdn.shopify.com/s/files/1/0852/8484/7908/products/3_7d5efd41-3f65-4369-9a5e-e71bf99c2dce.jpg?v=1710921322"
"Dreams Chiffon Scarf","10011001014865","15012645896484","warehouse","1","3","https://cdn.shopify.com/s/files/1/0852/8484/7908/products/5_86344646-28f9-4d3d-8d93-7d7a0287c4f1.jpg?v=1710921322"
"Damask Chiffon Scarf","10011001013139","15012645929252","warehouse","1","","https://cdn.shopify.com/s/files/1/0852/8484/7908/files/18_a35994a4-893b-4f0f-b709-b67db6746670.jpg?v=1720605738"
"Blooming Embrace Scarf","10011001015182","15012645994788","warehouse","1","","https://cdn.shopify.com/s/files/1/0852/8484/7908/files/25_af9911f5-b84d-4909-882a-995a5ef30c5f.jpg?v=1717424309"
